1,13.456,13.429,14.189,13.677,13.852,13.774
1,13.159,14.774,14.776,13.451,14.411,15.119
1,13.075,14.331,14.463,13.369,14.641,14.064
1,13.027,12.357,15.22,13.238,12.935,14.668
1,13.451,14.411,15.119,13.702,14.12,15.418
1,12.77,13.97,14.917,13.075,14.331,14.463
1,13.466,14.46,14.397,13.159,14.774,14.776
1,13.238,12.935,14.668,13.456,13.429,14.189
1,12.457,13.551,15.434,12.77,13.97,14.917
2,13.702,14.12,15.418,13.934,14.527,14.929
2,14.165,14.873,14.5,14.391,15.169,14.124
2,13.756,14.807,13.591,13.997,14.414,14.038
2,13.819,14.106,14.001,13.466,14.46,14.397
2,13.907,14.505,14.154,14.122,14.18,14.539
2,13.652,14.91,13.713,13.907,14.505,14.154
2,14.122,14.18,14.539,14.305,13.92,14.877
2,13.677,13.852,13.774,13.898,14.216,13.413
2,14.117,14.53,13.099,13.756,14.807,13.591
2,13.997,14.414,14.038,14.2,14.098,14.429
2,14.225,13.703,13.587,13.819,14.106,14.001
2,13.934,14.527,14.929,14.165,14.873,14.5
2,13.898,14.216,13.413,14.117,14.53,13.099
2,14.2,14.098,14.429,14.373,13.847,14.773
3,14.692,13.244,13.157,14.225,13.703,13.587
3,15.229,12.718,12.712,14.692,13.244,13.157
3,15.217,12.106,13.092,15.229,12.718,12.712
4,14.907,14.225,15.228,15.042,14.664,14.762
4,14.601,14.772,15.47,14.77,14.505,15.756
4,14.568,12.644,16.385,14.662,13.309,15.749
4,14.611,14.193,14.69,14.769,14.599,14.267
4,14.786,14.47,15.695,14.943,14.896,15.199
4,14.52,13.649,15.076,14.662,14.133,14.597
4,14.908,14.346,14.717,15.047,14.748,14.3
4,14.778,13.871,15.197,14.908,14.346,14.717
4,14.812,14.544,14.179,14.969,14.895,13.816
4,14.595,14.785,14.542,14.765,14.474,14.908
4,14.373,13.847,14.773,14.52,13.649,15.076
4,15.042,14.664,14.762,15.184,15.036,14.355
4,14.662,14.133,14.597,14.812,14.544,14.179
4,14.77,14.505,15.756,14.93,14.928,15.257
4,14.461,13.715,15.175,14.611,14.193,14.69
4,14.305,13.92,14.877,14.461,13.715,15.175
4,14.943,14.896,15.199,15.105,15.255,14.765
4,14.619,14.735,15.405,14.786,14.47,15.695
4,14.765,14.474,14.908,14.907,14.225,15.228
4,14.806,14.901,15.518,14.964,14.629,15.806
4,14.662,13.309,15.749,14.778,13.871,15.197
4,15.047,14.748,14.3,15.193,15.089,13.936
4,14.969,14.895,13.816,14.553,15.198,14.265
5,14.187,15.467,14.688,14.422,15.063,15.072
5,14.767,15.385,14.383,14.391,15.646,14.805
5,14.399,15.103,15.141,14.601,14.772,15.47
5,14.753,15.439,15.266,14.939,15.09,15.599
5,14.391,15.169,14.124,14.595,14.785,14.542
5,14.391,15.646,14.805,14.617,15.235,15.187
5,14.617,15.235,15.187,14.806,14.901,15.518
5,14.16,15.509,14.762,14.399,15.103,15.141
5,14.905,15.625,14.453,14.529,15.867,14.88
5,14.529,15.867,14.88,14.753,15.439,15.266
5,14.422,15.063,15.072,14.619,14.735,15.405
5,14.553,15.198,14.265,14.187,15.467,14.688
6,15.095,15.286,14.819,15.261,15.589,14.435
6,15.184,15.036,14.355,15.331,15.352,13.999
6,14.931,15.763,15.582,15.133,16.035,15.154
6,15.133,16.035,15.154,15.33,16.265,14.775
6,15.241,15.214,15.393,15.392,15.557,14.957
6,15.261,15.589,14.435,15.41,15.207,14.847
6,15.267,15.403,14.872,15.424,15.702,14.489
6,14.93,14.928,15.257,15.095,15.286,14.819
6,15.193,15.089,13.936,14.767,15.385,14.383
6,15.105,15.255,14.765,15.268,15.56,14.385
6,15.268,15.56,14.385,15.416,15.18,14.799
7,15.149,15.982,15.749,15.343,16.246,15.318
7,15.185,15.888,16.886,15.357,15.577,17.102
7,14.883,16.523,16.686,15.109,16.113,16.948
7,15.146,15.06,15.775,14.725,15.439,16.065
7,14.85,15.557,16.158,15.051,15.876,15.672
7,15.263,16.522,15.591,15.455,16.081,15.946
7,15.207,14.92,16.06,14.775,15.332,16.319
7,14.725,15.439,16.065,14.931,15.763,15.582
7,15.109,16.113,16.948,15.297,15.775,17.169
7,14.952,15.668,16.237,15.149,15.982,15.749
7,15.117,15.844,16.704,15.308,16.166,16.185
7,14.979,16.265,16.631,15.185,15.888,16.886
7,14.775,15.332,16.319,14.972,15.682,15.809
7,14.972,15.682,15.809,15.167,15.976,15.359
7,14.939,15.09,15.599,15.095,14.806,15.889
8,15.027,17.402,16.963,15.297,17.545,16.492
8,13.918,17.565,16.428,14.288,17.615,16.009
8,14.288,17.615,16.009,14.612,17.017,16.376
9,16.393,15.406,16.198,16.44,15.176,16.453
9,15.765,14.746,15.577,15.277,15.182,15.87
9,15.383,15.299,15.951,14.952,15.668,16.237
9,15.644,15.456,15.546,15.755,15.157,15.858
9,16.99,14.107,15.993,16.943,14.689,15.459
9,15.938,15.004,16.206,16.021,15.44,15.692
9,15.978,15.265,15.929,16.053,15.021,16.2
9,16.328,15.686,15.906,16.393,15.406,16.198
9,15.628,14.619,15.479,15.146,15.06,15.775
9,15.775,15.152,15.996,15.862,14.915,16.256
9,16.379,15.38,16.153,16.425,15.15,16.41
9,15.424,15.702,14.489,15.564,15.316,14.902
9,15.845,14.913,16.13,15.932,15.353,15.619
9,15.79,15.131,15.345,15.874,14.869,15.659
9,15.331,15.352,13.999,14.905,15.625,14.453
9,15.564,15.316,14.902,15.676,15.002,15.261
9,15.881,15.562,15.619,15.978,15.265,15.929
9,15.41,15.207,14.847,15.53,14.896,15.206
9,15.416,15.18,14.799,15.534,14.87,15.162
9,15.277,15.182,15.87,14.85,15.557,16.158
9,16.314,15.659,15.858,16.379,15.38,16.153
9,16.432,15.434,16.201,16.476,15.203,16.457
9,16.154,15.408,15.985,16.221,15.158,16.258
9,16.053,15.021,16.2,15.554,15.465,16.453
9,15.834,15.598,16.059,15.379,15.956,16.349
9,15.392,15.557,14.957,15.545,15.847,14.574
9,15.745,15.553,15.627,15.853,15.251,15.936
9,15.853,15.251,15.936,15.938,15.004,16.206
9,16.353,15.179,15.761,15.834,15.598,16.059
9,15.948,15.361,15.734,16.046,15.734,15.277
9,15.626,14.644,15.522,15.703,14.44,15.799
9,15.53,14.896,15.206,15.626,14.644,15.522
9,15.665,15.441,15.698,15.775,15.152,15.996
9,15.932,15.353,15.619,16.031,15.721,15.171
9,15.676,15.002,15.261,15.765,14.746,15.577
9,16.943,14.689,15.459,16.353,15.179,15.761
10,16.372,16.316,15.618,16.477,16.589,15.214
10,15.821,16.44,15.323,15.404,16.664,15.713
10,15.497,16.434,15.725,15.682,16.658,15.316
10,16.321,16.061,15.57,16.418,16.36,15.159
10,16.519,15.897,16.104,16.577,15.609,16.389
10,15.358,16.223,14.96,15.528,15.794,15.356
10,16.092,15.935,16.094,16.188,15.623,16.381
10,16.077,16.413,15.843,16.195,16.032,16.173
10,16.29,16.183,14.907,15.821,16.44,15.323
10,15.603,16.365,14.851,15.758,15.925,15.262
10,16.446,15.874,16.199,16.525,16.229,15.725
10,15.984,16.136,15.534,16.113,16.408,15.129
10,15.952,16.084,15.313,16.066,15.713,15.672
10,16.511,16.352,15.846,16.59,15.999,16.173
10,15.998,16.162,15.593,16.127,16.435,15.183
10,15.308,16.166,16.185,15.497,16.434,15.725
10,16.433,15.855,16.174,16.512,16.21,15.702
10,16.417,15.765,15.952,16.478,15.482,16.243
10,15.753,16.371,15.263,15.339,16.597,15.656
10,16.096,16.365,15.858,16.211,15.992,16.185
10,16.273,15.989,16.076,16.372,16.316,15.618
10,16.713,16.427,15.908,16.794,16.715,15.485
10,16.636,16.01,16.199,16.689,15.719,16.481
10,15.609,15.922,15.271,15.745,15.553,15.627
10,16.507,16.232,15.699,16.596,16.524,15.284
10,16.58,15.954,16.149,16.635,15.664,16.433
10,16.425,15.88,16.169,16.507,16.232,15.699
10,16.543,16.293,15.781,16.632,16.583,15.362
10,16.674,16.369,12.807,16.752,16.522,12.644
10,16.715,16.43,15.91,16.796,16.717,15.487
10,16.22,16.11,14.846,15.753,16.371,15.263
10,16.42,16.148,15.628,16.513,16.443,15.216
10,15.872,15.835,16.056,15.998,16.162,15.593
10,16.59,15.999,16.173,16.647,15.705,16.457
10,16.57,16.369,15.886,16.644,16.017,16.21
10,16.583,16.38,15.893,16.657,16.028,16.218
10,16.369,15.715,15.908,16.432,15.434,16.201
10,16.19,15.88,15.305,16.29,16.183,14.907
10,15.455,16.081,15.946,15.612,15.716,16.252
10,16.561,16.361,15.873,16.636,16.01,16.199
10,16.152,16.046,14.875,15.689,16.312,15.287
10,16.046,16.198,15.589,16.173,16.469,15.182
10,16.211,15.992,16.185,16.299,15.683,16.467
10,15.645,16.431,16.11,15.817,16.68,15.669
10,15.758,15.925,15.262,15.881,15.562,15.619
10,15.858,15.809,15.994,15.984,16.136,15.534
10,16.117,15.805,15.242,16.22,16.11,14.846
10,16.468,15.891,16.207,16.546,16.245,15.734
10,15.689,16.312,15.287,15.277,16.544,15.675
10,15.528,15.794,15.356,15.665,15.441,15.698
10,15.44,16.37,14.861,15.609,15.922,15.271
10,16.11,16.387,15.889,16.224,16.013,16.213
10,16.137,16.029,14.777,15.674,16.292,15.196
10,16.231,15.703,16.038,16.321,16.061,15.57
10,16.727,16.442,15.922,16.807,16.729,15.498
10,16.242,16.025,15.57,16.328,15.686,15.906
10,15.545,15.847,14.574,15.682,15.453,14.985
10,15.528,16.153,16.009,15.682,15.787,16.313
10,16.681,16.395,15.879,16.763,16.683,15.456
10,16.72,16.435,15.917,16.801,16.723,15.493
10,16.694,16.414,15.896,16.776,16.701,15.473
10,16.031,15.721,15.171,16.137,16.029,14.777
10,16.21,16.399,15.813,16.332,16.663,15.396
10,16.335,16.108,15.616,16.417,15.765,15.952
10,15.674,16.292,15.196,15.263,16.522,15.591
10,16.285,16.056,15.57,16.369,15.715,15.908
10,16.646,16.359,15.848,16.729,16.649,15.426
10,16.575,16.276,15.762,16.661,16.569,15.344
10,16.439,16.244,15.775,16.519,15.897,16.104
10,16.249,15.932,15.948,16.331,15.621,16.248
10,16.22,15.849,15.771,16.301,15.539,16.082
10,16.127,16.435,15.183,16.242,16.025,15.57
10,16.1,16.254,15.638,16.225,16.522,15.229
10,15.844,16.206,15.701,15.973,15.834,16.033
10,16.113,16.225,15.414,16.22,15.849,15.771
10,16.066,15.713,15.672,16.154,15.408,15.985
10,16.335,15.793,16.097,16.42,16.148,15.628
10,16.546,16.245,15.734,16.633,16.539,15.317
10,16.603,16.401,15.913,16.676,16.049,16.237
10,15.969,16.248,16.025,16.089,15.89,16.332
11,16.363,16.164,16.355,16.447,15.849,16.631
11,15.611,16.319,16.364,15.782,16.59,15.896
11,16.251,16.398,16.927,16.355,16.076,17.164
11,16.163,16.147,16.335,16.278,16.463,15.862
11,16.261,16.26,16.449,16.374,16.572,15.972
11,16.294,16.444,16.97,16.397,16.12,17.206
11,16.285,16.435,16.961,16.388,16.111,17.197
11,16.278,16.427,16.954,16.381,16.104,17.19
11,16.295,16.445,16.971,16.397,16.121,17.206
11,16.387,16.13,17.154,15.91,16.499,17.376
11,16.373,16.115,17.14,15.897,16.484,17.363
11,16.054,15.767,16.871,16.163,16.147,16.335
11,16.388,16.131,17.155,15.911,16.5,17.377
11,16.381,16.104,17.19,16.477,16.472,16.643
11,16.221,15.158,16.258,15.713,15.595,16.512
11,16.163,16.308,16.843,16.27,15.988,17.083
11,15.727,16.304,17.194,15.888,16.619,16.655
11,15.554,15.465,16.453,15.117,15.844,16.704
11,16.357,15.457,16.704,16.425,15.88,16.169
11,16.397,16.121,17.206,16.493,16.489,16.659
11,16.386,16.129,17.154,15.91,16.498,17.376
11,16.243,16.39,16.919,16.347,16.068,17.157
11,16.376,16.099,17.185,16.473,16.468,16.638
11,15.864,15.544,16.626,15.978,15.931,16.101
11,16.39,16.133,17.157,15.913,16.502,17.379
11,16.179,16.322,16.855,16.286,16.002,17.095
11,16.352,16.092,17.119,15.876,16.463,17.342
11,16.363,16.104,17.13,15.887,16.474,17.353
11,16.39,16.133,17.157,15.913,16.502,17.379
11,16.189,15.92,16.955,15.72,16.296,17.185
11,16.268,16.417,16.944,16.372,16.094,17.181
11,16.344,16.079,17.108,15.868,16.45,17.331
11,16.393,15.522,16.796,16.462,15.943,16.256
11,16.323,15.784,16.554,16.393,15.522,16.796
11,15.685,16.28,17.165,15.849,16.595,16.627
11,16.281,16.431,16.957,16.384,16.107,17.193
11,16.25,16.032,16.221,16.337,15.722,16.502
11,16.355,16.076,17.164,16.452,16.445,16.618
11,16.087,15.819,16.869,15.621,16.199,17.101
11,16.378,16.12,17.145,15.901,16.489,17.367
11,15.737,16.313,17.201,15.897,16.628,16.662
11,16.385,16.374,16.551,16.493,16.682,16.07
11,16.29,16.027,17.058,15.817,16.399,17.283
11,16.352,16.073,17.161,16.449,16.443,16.615
11,16.393,16.117,17.202,16.489,16.485,16.655
11,16.382,16.104,17.191,16.478,16.473,16.643
11,16.395,16.139,17.162,15.918,16.507,17.384
11,16.089,15.89,16.332,16.184,15.594,16.596
11,16.396,16.139,17.163,15.918,16.508,17.385
11,15.711,16.382,16.279,15.86,16.008,16.57
11,15.95,15.655,16.697,15.488,16.041,16.936
11,16.287,15.717,16.458,16.357,15.457,16.704
11,16.184,15.594,16.596,16.273,15.989,16.076
11,16.357,16.078,17.166,16.454,16.448,16.62
11,16.398,16.121,17.207,16.493,16.49,16.659
11,16.281,16.431,16.957,16.384,16.107,17.193
11,16.208,15.937,16.972,15.737,16.313,17.201
11,16.372,16.094,17.181,16.468,16.463,16.634
11,16.381,16.124,17.148,15.904,16.493,17.37
11,15.269,15.969,16.764,15.453,16.285,16.246
11,16.038,16.168,16.709,16.149,15.854,16.954
11,16.393,16.136,17.16,15.916,16.505,17.382
11,16.254,16.231,16.415,16.366,16.544,15.939
11,15.379,15.956,16.349,14.979,16.265,16.631
11,16.154,15.273,16.57,16.231,15.703,16.038
11,16.178,16.32,16.853,16.284,16.0,17.093
11,15.739,15.417,16.515,15.858,15.809,15.994
11,16.298,16.448,16.974,16.4,16.124,17.209
11,16.395,16.119,17.205,16.491,16.487,16.657
11,16.009,16.149,16.683,16.122,15.835,16.929
11,16.27,15.988,17.083,16.371,16.361,16.54
11,16.257,16.405,16.933,16.361,16.082,17.17
11,15.817,16.399,17.283,15.974,16.711,16.741
11,16.384,16.107,17.193,16.48,16.476,16.646
11,16.198,16.343,16.877,16.304,16.023,17.116
11,16.164,16.215,16.357,16.283,16.523,15.885
11,16.149,15.854,16.954,16.254,16.231,16.415
11,16.289,16.439,16.965,16.392,16.115,17.201
11,16.279,16.429,16.955,16.382,16.105,17.192
11,16.022,16.155,16.7,16.134,15.841,16.946
11,15.357,15.577,17.102,15.516,15.959,16.538
11,16.017,15.085,16.272,16.097,15.518,15.757
11,15.713,15.595,16.512,15.269,15.969,16.764
11,16.393,16.137,17.16,15.916,16.505,17.382
11,16.371,16.092,17.179,16.467,16.461,16.632
11,16.361,16.082,17.17,16.458,16.452,16.624
11,16.277,16.427,16.953,16.381,16.103,17.19
11,16.393,16.137,17.161,15.916,16.505,17.382
11,16.29,16.007,17.1,16.39,16.379,16.556
11,16.399,16.122,17.208,16.494,16.491,16.66
11,15.938,16.079,16.623,16.054,15.767,16.871
11,15.86,16.008,16.57,15.979,15.699,16.82
11,16.366,16.108,17.133,15.89,16.477,17.356
11,16.228,16.204,16.39,16.341,16.518,15.915
11,16.397,16.121,17.207,16.493,16.489,16.659
11,16.197,15.927,16.965,15.727,16.304,17.194
11,16.4,16.124,17.21,16.496,16.492,16.662
11,16.384,16.126,17.151,15.907,16.495,17.373
11,16.394,16.117,17.203,16.49,16.486,16.655
11,15.431,16.165,16.992,15.61,16.475,16.463
11,16.313,16.051,17.081,15.839,16.423,17.305
11,16.286,16.436,16.962,16.389,16.112,17.198
11,16.091,16.081,16.285,16.21,16.399,15.813
11,16.224,16.013,16.213,16.313,15.704,16.494
11,15.992,15.7,16.736,15.529,16.084,16.974
11,16.384,16.126,17.151,15.907,16.495,17.373
11,16.299,16.037,17.068,15.826,16.409,17.293
11,16.397,16.12,17.206,16.492,16.488,16.658
11,16.381,16.103,17.19,16.477,16.472,16.642
11,16.4,16.124,17.209,16.496,16.492,16.661
11,16.309,16.046,17.076,15.835,16.418,17.301
11,15.672,16.248,17.141,15.835,16.565,16.604
11,15.718,16.292,17.182,15.879,16.609,16.644
11,16.151,16.292,16.828,16.259,15.974,17.069
11,16.381,16.123,17.148,15.904,16.493,17.37
11,16.173,15.878,16.976,16.276,16.255,16.437
11,16.259,15.974,17.069,16.359,16.347,16.526
11,16.29,16.44,16.966,16.392,16.116,17.202
11,16.062,16.193,16.732,16.173,15.878,16.976
11,16.297,16.447,16.973,16.399,16.123,17.208
11,16.395,16.138,17.162,15.918,16.507,17.384
11,15.753,15.443,16.582,15.872,15.835,16.056
11,16.366,16.108,17.133,15.89,16.477,17.356
11,15.932,16.165,16.64,16.052,15.843,16.891
11,16.331,16.05,17.14,16.429,16.421,16.595
11,16.367,15.427,16.711,16.433,15.855,16.174
11,16.153,15.904,16.934,15.685,16.28,17.165
11,16.401,16.125,17.21,16.496,16.493,16.662
11,16.384,16.373,16.549,16.491,16.681,16.069
11,16.317,16.055,17.084,15.843,16.427,17.309
11,16.393,16.116,17.202,16.489,16.485,16.654
11,16.4,16.124,17.209,16.495,16.492,16.661
11,16.39,16.133,17.157,15.913,16.502,17.379
11,16.284,16.068,16.254,16.369,15.756,16.533
11,16.394,16.137,17.161,15.917,16.506,17.383
11,16.231,16.101,16.275,16.323,15.784,16.554
11,16.294,16.445,16.97,16.397,16.121,17.206
11,16.296,16.447,16.973,16.399,16.123,17.208
11,16.249,16.396,16.925,16.353,16.074,17.162
11,16.31,16.048,17.077,15.836,16.419,17.302
11,16.29,16.441,16.967,16.393,16.117,17.202
11,15.85,16.434,17.316,16.006,16.745,16.772
11,16.394,16.137,17.161,15.916,16.506,17.383
11,16.389,16.132,17.156,15.912,16.501,17.378
11,16.262,15.366,16.63,16.335,15.793,16.097
11,16.284,16.0,17.093,16.384,16.373,16.549
11,15.826,16.409,17.293,15.983,16.721,16.75
11,16.295,16.445,16.971,16.397,16.121,17.206
11,16.379,16.122,17.146,15.903,16.491,17.369
11,15.849,16.434,17.317,16.006,16.745,16.773
11,16.391,16.114,17.2,16.486,16.482,16.652
11,16.342,16.062,17.151,16.439,16.432,16.605
11,16.232,16.357,16.9,16.336,16.037,17.138
11,16.392,16.115,17.201,16.487,16.483,16.653
11,15.839,16.423,17.305,15.996,16.734,16.762
11,16.298,16.449,16.974,16.4,16.124,17.209
11,16.374,16.116,17.141,15.898,16.486,17.364
11,16.324,16.063,17.091,15.85,16.434,17.316
11,15.297,15.775,17.169,15.47,16.133,16.608
11,16.297,16.448,16.974,16.4,16.124,17.209
11,15.797,16.379,17.265,15.955,16.692,16.723
11,16.27,16.005,17.039,15.797,16.379,17.265
11,16.397,16.121,17.206,16.493,16.489,16.658
11,16.395,16.139,17.163,15.918,16.508,17.384
11,16.296,16.447,16.972,16.399,16.122,17.208
11,15.441,15.992,16.892,15.611,16.319,16.364
11,16.362,16.103,17.129,15.886,16.473,17.352
11,16.361,16.082,17.17,16.458,16.452,16.623
11,16.399,16.123,17.208,16.495,16.491,16.66
11,16.382,16.124,17.149,15.905,16.493,17.371
11,16.273,16.422,16.949,16.376,16.099,17.185
11,16.122,15.835,16.929,16.228,16.213,16.392
11,16.399,16.123,17.208,16.495,16.491,16.66
11,16.295,16.012,17.104,16.395,16.384,16.56
11,16.228,16.213,16.392,16.341,16.526,15.917
11,15.682,15.787,16.313,15.806,15.484,16.574
11,15.626,16.343,16.4,15.796,16.614,15.93
11,15.576,16.398,16.334,15.753,16.657,15.872
11,16.29,16.44,16.966,16.392,16.116,17.202
11,16.36,16.101,17.127,15.884,16.471,17.35
11,16.297,16.448,16.973,16.399,16.123,17.209
11,16.239,16.219,16.407,16.352,16.532,15.931
11,15.979,15.699,16.82,16.091,16.081,16.285
11,16.237,16.384,16.913,16.342,16.062,17.151
11,16.395,16.384,16.56,16.502,16.691,16.079
11,16.392,16.135,17.159,15.915,16.504,17.381
11,16.393,16.137,17.16,15.916,16.505,17.382
11,16.189,16.332,16.865,16.295,16.012,17.104
11,16.043,16.201,16.746,16.156,15.884,16.99
11,15.843,16.427,17.309,15.999,16.738,16.765
11,16.248,16.395,16.924,16.352,16.073,17.161
11,16.393,15.365,16.508,15.88,15.797,16.751
11,16.331,15.621,16.248,16.393,15.365,16.508
11,16.333,16.32,16.502,16.442,16.63,16.023
11,16.295,16.446,16.971,16.398,16.122,17.207
11,15.621,16.199,17.101,15.786,16.518,16.565
11,15.529,16.084,16.974,15.696,16.407,16.443
11,16.369,15.756,16.533,16.434,15.498,16.775
11,16.395,16.138,17.162,15.917,16.507,17.384
11,16.134,15.841,16.946,16.239,16.219,16.407
11,16.276,16.255,16.437,16.387,16.567,15.96
11,16.293,16.444,16.969,16.396,16.119,17.205
11,16.347,16.068,17.157,16.445,16.438,16.611
11,16.296,16.447,16.972,16.399,16.123,17.208
11,15.488,16.041,16.936,15.657,16.366,16.406
11,16.297,16.448,16.973,16.4,16.124,17.209
11,15.835,16.418,17.301,15.992,16.73,16.758
11,16.38,15.448,16.737,16.446,15.874,16.199
11,15.612,15.716,16.252,15.739,15.417,16.515
11,16.298,16.448,16.974,16.4,16.124,17.209
11,16.291,16.442,16.967,16.394,16.117,17.203
11,16.231,15.945,17.044,16.333,16.32,16.502
11,16.391,16.134,17.158,15.914,16.503,17.38
11,16.288,16.438,16.964,16.391,16.114,17.2
11,16.01,16.139,16.682,16.123,15.826,16.928
11,16.4,16.124,17.209,16.495,16.492,16.661
11,16.297,16.448,16.973,16.4,16.124,17.209
11,16.389,16.112,17.198,16.485,16.48,16.65
11,16.052,15.843,16.891,16.164,16.215,16.357
11,16.392,16.116,17.202,16.488,16.484,16.654
11,16.395,16.139,17.162,15.918,16.507,17.384
11,15.88,15.797,16.751,15.431,16.165,16.992
11,16.253,16.4,16.929,16.357,16.078,17.166
11,16.394,16.138,17.161,15.917,16.506,17.383
11,16.304,16.023,17.116,16.403,16.394,16.571
11,16.267,16.415,16.942,16.371,16.092,17.179
11,16.371,16.361,16.54,16.479,16.669,16.059
11,16.122,16.263,16.802,16.231,15.945,17.044
11,16.29,16.44,16.966,16.393,16.116,17.202
11,16.384,16.107,17.193,16.48,16.476,16.646
11,16.184,16.327,16.86,16.29,16.007,17.1
11,16.298,16.449,16.974,16.401,16.125,17.21
11,16.356,16.097,17.123,15.88,16.467,17.346
11,15.742,15.849,16.366,15.864,15.544,16.626
11,16.36,16.101,17.127,15.884,16.471,17.35
11,15.455,16.017,16.93,15.626,16.343,16.4
11,16.278,16.428,16.955,16.382,16.104,17.191
11,16.324,16.063,17.092,15.849,16.434,17.317
12,16.864,15.625,16.868,16.324,16.063,17.092
12,16.583,16.394,16.567,16.659,16.071,16.835
12,16.86,16.247,16.424,16.905,15.948,16.698
12,16.853,15.613,16.856,16.313,16.051,17.081
12,16.683,16.097,16.859,16.737,15.827,17.089
12,16.938,15.703,16.94,16.395,16.138,17.162
12,16.687,15.714,16.478,16.723,15.473,16.723
12,16.775,16.224,16.523,16.842,16.566,16.038
12,16.782,16.232,16.53,16.849,16.573,16.045
12,16.683,16.097,16.859,16.737,15.827,17.089
12,16.673,15.425,16.68,16.14,15.87,16.911
12,16.623,16.033,16.799,16.679,15.765,17.031
12,16.938,15.703,16.94,16.395,16.138,17.162
12,16.548,15.956,16.73,16.607,15.691,16.965
12,16.736,15.825,17.088,16.789,16.239,16.537
12,16.683,16.097,16.859,16.737,15.827,17.089
12,16.936,15.702,16.939,16.393,16.137,17.16
12,16.655,16.095,16.402,16.727,16.442,15.922
12,16.864,15.904,16.657,16.894,15.656,16.896
12,16.609,16.422,16.593,16.684,16.098,16.86
12,16.863,16.251,16.428,16.908,15.951,16.701
12,16.405,16.205,16.39,16.487,15.888,16.664
12,16.856,16.243,16.42,16.901,15.943,16.694
12,16.873,15.913,16.666,16.902,15.665,16.904
12,16.768,16.216,16.516,16.835,16.558,16.031
12,16.538,15.941,16.713,16.597,15.677,16.948
12,16.929,15.694,16.931,16.386,16.129,17.154
12,16.659,16.071,16.835,16.713,15.802,17.065
12,16.737,15.827,17.089,16.79,16.24,16.538
12,16.865,16.253,16.429,16.91,15.953,16.703
12,16.552,16.361,16.536,16.628,16.039,16.805
12,16.936,15.701,16.938,16.393,16.136,17.16
12,16.609,16.421,16.592,16.683,16.097,16.859
12,16.682,16.096,16.858,16.736,15.826,17.088
12,16.939,15.704,16.941,16.395,16.139,17.163
12,16.609,16.421,16.592,16.683,16.097,16.859
12,16.609,16.421,16.592,16.683,16.097,16.859
12,16.901,15.943,16.694,16.929,15.694,16.931
12,16.657,16.028,16.218,16.709,15.736,16.499
12,16.905,15.947,16.698,16.933,15.698,16.935
12,16.789,16.239,16.537,16.856,16.581,16.052
12,16.659,15.744,17.011,16.715,16.16,16.463
12,16.834,15.872,16.627,16.865,15.625,16.867
12,16.925,15.689,16.927,16.382,16.125,17.149
12,17.206,12.577,17.327,17.074,13.411,16.611
12,16.404,16.394,16.569,16.51,16.701,16.088
12,16.723,15.473,16.723,16.188,15.916,16.953
12,16.679,16.093,16.855,16.733,15.823,17.085
12,16.937,15.702,16.939,16.394,16.137,17.161
12,16.785,16.234,16.533,16.852,16.576,16.048
12,16.788,16.237,16.536,16.854,16.579,16.05
12,16.683,16.097,16.859,16.737,15.827,17.089
12,16.667,16.08,16.843,16.722,15.811,17.074
12,16.788,16.237,16.536,16.854,16.579,16.05
12,16.91,15.953,16.703,16.938,15.703,16.94
12,16.853,16.239,16.417,16.898,15.94,16.691
12,16.682,16.096,16.858,16.736,15.826,17.088
12,16.679,16.092,16.855,16.733,15.822,17.085
12,16.737,15.827,17.089,16.79,16.24,16.538
12,16.908,15.951,16.701,16.936,15.701,16.938
12,16.544,16.251,16.509,16.616,15.941,16.776
12,16.864,16.251,16.428,16.909,15.952,16.702
12,16.865,16.253,16.43,16.91,15.953,16.703
12,16.403,16.394,16.571,16.509,16.702,16.089
12,16.79,16.24,16.538,16.857,16.582,16.053
12,16.826,16.211,16.39,16.872,15.912,16.665
12,16.724,15.813,17.076,16.778,16.227,16.526
12,16.582,15.661,16.933,16.641,16.08,16.388
12,16.656,16.068,16.832,16.711,15.799,17.063
12,16.683,16.097,16.859,16.737,15.827,17.089
12,16.938,15.703,16.94,16.395,16.139,17.162
12,16.76,16.207,16.508,16.827,16.55,16.023
12,16.779,16.228,16.527,16.846,16.57,16.042
12,16.937,15.702,16.939,16.394,16.137,17.161
12,16.735,15.825,17.087,16.789,16.238,16.537
12,16.888,15.929,16.681,16.917,15.68,16.919
12,16.661,16.073,16.837,16.716,15.804,17.068
12,16.608,16.046,16.357,16.681,16.395,15.879
12,16.713,15.802,17.065,16.768,16.216,16.516
12,16.902,15.665,16.904,16.36,16.101,17.127
12,16.733,15.823,17.085,16.787,16.236,16.535
12,16.602,16.415,16.586,16.677,16.091,16.853
12,16.735,16.18,16.482,16.803,16.524,15.999
12,16.855,15.894,16.648,16.885,15.647,16.887
12,16.908,15.951,16.702,16.936,15.702,16.939
12,16.682,16.095,16.858,16.736,15.825,17.088
12,16.842,16.228,16.407,16.888,15.929,16.681
12,16.909,15.951,16.702,16.937,15.702,16.939
12,16.577,15.609,16.389,16.618,15.372,16.637
12,16.608,16.42,16.591,16.682,16.096,16.858
12,16.425,15.15,16.41,15.9,15.605,16.652
12,16.732,16.178,16.48,16.801,16.521,15.997
12,16.608,16.42,16.591,16.682,16.096,16.858
12,16.931,15.696,16.933,16.388,16.131,17.155
12,16.905,15.948,16.698,16.933,15.698,16.935
12,16.77,16.218,16.518,16.837,16.561,16.033
12,16.597,15.677,16.948,16.655,16.095,16.402
12,16.74,16.186,16.488,16.808,16.53,16.005
12,16.679,15.765,17.031,16.735,16.18,16.482
12,16.859,16.246,16.423,16.904,15.946,16.697
12,16.907,15.95,16.7,16.935,15.7,16.937
12,16.684,15.771,17.036,16.74,16.186,16.488
12,16.684,16.098,16.86,16.738,15.828,17.09
12,16.673,15.758,17.025,16.729,16.174,16.477
12,16.68,16.094,16.856,16.734,15.824,17.086
12,16.621,16.066,16.376,16.694,16.414,15.896
12,16.791,16.241,16.539,16.858,16.582,16.053
12,16.616,15.941,16.776,16.668,15.682,17.006
12,16.722,15.811,17.074,16.776,16.224,16.524
12,16.896,15.938,16.689,16.924,15.689,16.926
12,16.731,15.82,17.083,16.784,16.234,16.532
12,16.822,15.859,16.616,16.853,15.613,16.856
12,16.666,15.751,17.019,16.722,16.167,16.471
12,16.711,15.799,17.063,16.765,16.213,16.513
12,16.581,16.392,16.564,16.656,16.068,16.832
12,16.91,15.953,16.703,16.938,15.703,16.94
12,16.849,15.608,16.851,16.309,16.046,17.076
12,16.458,16.26,16.44,16.538,15.941,16.713
12,16.787,16.168,16.351,16.834,15.872,16.627
12,16.787,16.236,16.535,16.854,16.578,16.05
12,16.668,16.109,16.415,16.739,16.455,15.934
12,16.848,16.234,16.412,16.893,15.935,16.687
12,16.701,16.145,16.449,16.771,16.49,15.967
12,16.85,16.236,16.414,16.895,15.937,16.688
12,16.445,16.438,16.611,16.55,16.743,16.128
12,16.716,15.804,17.068,16.77,16.218,16.518
12,16.856,16.243,16.421,16.901,15.944,16.695
12,16.924,15.689,16.926,16.382,16.124,17.149
12,16.546,16.355,16.53,16.623,16.033,16.799
12,16.789,16.239,16.537,16.856,16.581,16.052
12,16.599,16.411,16.582,16.673,16.087,16.849
12,16.904,15.946,16.697,16.932,15.697,16.934
12,16.779,16.16,16.343,16.827,15.863,16.619
12,16.682,16.096,16.858,16.736,15.826,17.088
12,16.552,16.361,16.535,16.629,16.039,16.804
12,16.608,16.421,16.592,16.683,16.097,16.859
12,16.729,15.818,17.081,16.782,16.232,16.53
12,16.682,16.096,16.858,16.736,15.826,17.088
12,16.904,15.947,16.698,16.933,15.697,16.935
12,16.596,16.408,16.58,16.671,16.084,16.847
12,16.429,16.421,16.595,16.534,16.727,16.112
12,16.721,15.81,17.073,16.775,16.224,16.523
12,16.758,16.14,16.325,16.807,15.844,16.602
12,16.893,15.935,16.687,16.922,15.686,16.924
12,16.865,16.252,16.429,16.909,15.952,16.703
12,16.856,15.888,16.645,16.886,15.641,16.884
12,16.434,15.498,16.775,16.498,15.923,16.236
12,16.487,15.888,16.664,16.547,15.626,16.901
12,16.892,15.933,16.685,16.92,15.684,16.922
12,16.79,16.24,16.538,16.857,16.582,16.053
12,16.839,15.598,16.843,16.299,16.037,17.068
12,16.937,15.703,16.94,16.394,16.138,17.161
12,16.79,16.24,16.538,16.857,16.581,16.052
12,16.419,16.228,16.41,16.5,15.91,16.684
12,16.876,15.916,16.669,16.905,15.668,16.907
12,16.628,16.039,16.805,16.684,15.771,17.037
12,16.68,16.093,16.856,16.734,15.823,17.086
12,16.509,16.315,16.493,16.587,15.994,16.763
12,16.936,15.702,16.939,16.393,16.137,17.16
12,16.903,15.666,16.906,16.362,16.103,17.129
12,16.923,15.688,16.926,16.381,16.123,17.148
12,16.678,16.092,16.854,16.732,15.822,17.084
12,16.905,15.668,16.907,16.363,16.104,17.13
12,16.447,15.849,16.631,16.509,15.588,16.869
12,16.729,16.174,16.477,16.798,16.518,15.993
12,16.567,16.374,16.548,16.643,16.052,16.817
12,16.53,15.934,16.707,16.59,15.67,16.942
12,16.851,16.238,16.416,16.897,15.938,16.69
12,16.602,16.414,16.585,16.677,16.09,16.853
12,16.933,15.698,16.935,16.39,16.133,17.157
12,16.523,15.925,16.698,16.582,15.661,16.933
12,16.737,15.827,17.089,16.791,16.24,16.539
12,16.887,15.928,16.68,16.916,15.679,16.917
12,16.781,16.23,16.529,16.848,16.572,16.044
12,16.933,15.698,16.935,16.39,16.133,17.157
12,16.629,16.039,16.804,16.684,15.771,17.036
12,16.932,15.697,16.934,16.389,16.132,17.156
12,16.598,16.409,16.581,16.673,16.086,16.849
12,16.911,15.954,16.704,16.939,15.704,16.941
12,16.753,16.199,16.499,16.821,16.542,16.015
12,16.916,15.679,16.917,16.373,16.115,17.14
12,16.736,15.826,17.088,16.79,16.239,16.538
12,16.769,16.15,16.334,16.818,15.854,16.611
12,16.786,16.169,16.352,16.834,15.872,16.628
12,16.452,16.445,16.618,16.557,16.751,16.134
12,16.641,16.08,16.388,16.713,16.427,15.908
12,16.808,16.192,16.373,16.855,15.894,16.648
12,16.665,16.109,16.418,16.736,16.456,15.937
12,16.879,15.92,16.673,16.908,15.671,16.911
12,16.905,15.947,16.698,16.933,15.698,16.935
12,16.617,16.026,16.793,16.673,15.758,17.025
12,16.754,16.201,16.502,16.822,16.544,16.018
12,16.809,16.185,16.369,16.856,15.888,16.645
12,16.774,16.156,16.339,16.822,15.859,16.616
12,16.781,16.231,16.529,16.849,16.573,16.044
12,16.666,16.052,16.246,16.719,15.759,16.526
12,16.822,16.206,16.386,16.868,15.908,16.662
12,16.598,16.41,16.582,16.673,16.086,16.849
12,16.737,15.827,17.089,16.79,16.24,16.538
12,16.731,15.821,17.083,16.785,16.234,16.533
12,16.782,16.232,16.53,16.849,16.573,16.045
12,16.442,16.243,16.425,16.523,15.925,16.698
12,16.787,16.237,16.535,16.854,16.578,16.05
12,16.551,15.955,16.726,16.61,15.69,16.961
12,16.92,15.684,16.922,16.378,16.12,17.145
12,16.865,16.253,16.43,16.91,15.953,16.703
12,16.922,15.686,16.924,16.379,16.122,17.146
12,16.909,15.952,16.702,16.937,15.702,16.939
12,16.725,16.104,16.292,16.775,15.81,16.571
12,16.897,15.938,16.69,16.925,15.689,16.927
12,16.908,15.671,16.91,16.366,16.108,17.133
12,16.543,16.351,16.527,16.62,16.03,16.796
12,16.935,15.7,16.937,16.392,16.135,17.159
12,16.698,15.784,17.048,16.753,16.199,16.499
12,16.725,15.477,16.726,16.189,15.92,16.955
12,16.697,15.726,16.492,16.733,15.484,16.736
12,16.711,15.799,17.063,16.766,16.214,16.514
12,16.861,16.248,16.425,16.906,15.948,16.699
12,16.677,16.091,16.853,16.731,15.821,17.083
12,16.748,16.128,16.313,16.797,15.833,16.591
12,16.679,16.093,16.855,16.733,15.823,17.085
12,16.44,15.176,16.453,15.915,15.63,16.692
12,16.605,16.417,16.588,16.679,16.093,16.855
12,17.074,13.411,16.611,16.99,14.107,15.993
12,16.587,15.994,16.763,16.644,15.728,16.997
12,16.736,15.826,17.088,16.79,16.24,16.538
12,16.908,15.951,16.702,16.936,15.702,16.939
12,16.829,15.587,16.832,16.29,16.027,17.058
12,16.789,16.238,16.537,16.855,16.58,16.051
12,16.62,16.03,16.796,16.676,15.762,17.028
12,16.586,16.397,16.569,16.661,16.073,16.837
12,16.449,16.443,16.615,16.554,16.748,16.132
12,16.586,16.397,16.569,16.661,16.073,16.837
12,16.733,15.484,16.736,16.197,15.927,16.965
12,16.689,15.719,16.481,16.725,15.477,16.726
12,16.667,16.079,16.842,16.721,15.81,17.073
12,16.521,15.249,16.498,15.992,15.7,16.736
12,16.864,16.251,16.428,16.909,15.951,16.702
12,16.472,16.274,16.454,16.551,15.955,16.726
12,16.635,15.664,16.433,16.673,15.425,16.68
12,16.791,16.24,16.539,16.857,16.582,16.053
12,16.727,15.816,17.079,16.78,16.23,16.528
12,16.676,15.762,17.028,16.732,16.178,16.48
12,16.674,15.759,17.026,16.729,16.175,16.477
12,16.574,16.385,16.558,16.65,16.062,16.826
12,16.607,16.42,16.59,16.682,16.095,16.858
12,16.67,16.083,16.846,16.724,15.813,17.076
12,16.606,16.418,16.589,16.68,16.094,16.856
12,16.766,16.214,16.514,16.833,16.556,16.029
12,16.5,15.91,16.684,16.561,15.647,16.92
12,16.872,15.912,16.665,16.902,15.664,16.904
12,16.454,16.448,16.62,16.559,16.753,16.136
12,16.939,15.704,16.941,16.396,16.139,17.163
12,16.686,15.462,16.703,16.153,15.904,16.934
12,16.606,16.418,16.589,16.68,16.094,16.856
12,16.91,15.952,16.703,16.937,15.703,16.94
12,16.608,16.42,16.591,16.682,16.096,16.858
12,16.607,16.419,16.59,16.681,16.095,16.857
12,16.906,15.948,16.699,16.934,15.699,16.936
12,16.781,16.23,16.529,16.848,16.572,16.044
12,16.865,16.252,16.429,16.91,15.953,16.703
12,16.93,15.694,16.932,16.387,16.13,17.154
12,16.775,15.81,16.571,16.808,15.565,16.812
12,16.595,16.407,16.578,16.67,16.083,16.846
12,16.909,15.952,16.703,16.937,15.703,16.94
12,16.671,16.084,16.847,16.725,15.815,17.078
12,16.732,15.822,17.084,16.786,16.235,16.534
12,16.681,16.095,16.857,16.735,15.825,17.087
12,16.79,16.24,16.538,16.857,16.582,16.053
12,16.705,15.793,17.057,16.76,16.207,16.508
12,16.78,16.23,16.528,16.848,16.571,16.043
12,16.532,16.34,16.517,16.609,16.019,16.786
12,16.568,16.377,16.551,16.644,16.055,16.82
12,16.909,15.952,16.702,16.937,15.702,16.939
12,16.581,16.391,16.564,16.656,16.068,16.832
12,16.61,15.69,16.961,16.668,16.109,16.415
12,16.605,16.417,16.588,16.68,16.093,16.856
12,16.733,15.822,17.085,16.786,16.236,16.534
12,16.863,16.251,16.428,16.908,15.951,16.702
12,16.787,16.236,16.535,16.854,16.578,16.05
12,16.909,15.951,16.702,16.937,15.702,16.939
12,16.787,16.237,16.535,16.854,16.578,16.05
12,16.734,15.824,17.086,16.788,16.237,16.536
12,16.853,16.239,16.417,16.898,15.94,16.691
12,16.784,16.234,16.532,16.851,16.576,16.047
12,16.886,15.641,16.884,16.344,16.079,17.108
12,16.864,16.251,16.428,16.909,15.952,16.702
12,16.907,15.95,16.7,16.935,15.7,16.937
12,16.699,15.786,17.051,16.754,16.201,16.502
12,16.509,15.588,16.869,16.571,16.01,16.326
12,16.673,16.086,16.849,16.727,15.816,17.079
12,16.819,15.855,16.612,16.85,15.609,16.852
12,16.937,15.702,16.939,16.393,16.137,17.161
12,16.647,15.705,16.457,16.686,15.462,16.703
12,16.578,16.388,16.561,16.653,16.065,16.829
12,16.672,16.086,16.848,16.727,15.816,17.079
12,16.938,15.703,16.94,16.395,16.138,17.162
12,16.541,16.348,16.524,16.618,16.027,16.794
12,16.54,16.348,16.523,16.617,16.026,16.793
12,16.607,15.691,16.965,16.665,16.109,16.418
12,16.79,16.24,16.538,16.857,16.582,16.053
12,16.598,16.409,16.581,16.672,16.086,16.848
12,16.657,16.07,16.833,16.712,15.8,17.064
12,16.863,16.251,16.428,16.908,15.951,16.702
12,16.716,15.804,17.068,16.77,16.218,16.518
12,16.827,15.863,16.619,16.857,15.617,16.859
12,16.763,16.21,16.511,16.83,16.553,16.026
12,16.857,15.617,16.859,16.317,16.055,17.084
12,16.938,15.704,16.941,16.395,16.139,17.162
12,16.85,16.236,16.414,16.895,15.937,16.688
12,16.643,16.083,16.39,16.715,16.43,15.91
12,16.571,16.01,16.326,16.646,16.359,15.848
12,16.863,16.25,16.427,16.908,15.951,16.701
12,16.786,16.236,16.534,16.853,16.578,16.049
12,16.65,16.062,16.826,16.705,15.793,17.057
12,16.733,15.823,17.086,16.787,16.237,16.535
12,16.924,15.688,16.926,16.381,16.124,17.148
12,16.525,16.332,16.508,16.602,16.011,16.778
12,16.6,16.412,16.583,16.674,16.088,16.85
12,16.727,15.816,17.079,16.781,16.23,16.529
12,16.895,15.937,16.688,16.923,15.688,16.926
12,16.584,15.663,16.935,16.643,16.083,16.39
12,16.609,16.019,16.786,16.666,15.751,17.019
12,16.433,16.409,16.592,16.538,16.717,16.109
12,16.736,15.826,17.088,16.789,16.239,16.537
12,16.85,15.609,16.852,16.31,16.048,17.077
12,16.547,15.626,16.901,16.608,16.046,16.357
12,16.85,16.237,16.415,16.896,15.938,16.689
12,16.498,15.923,16.236,16.575,16.276,15.762
12,16.744,15.494,16.744,16.208,15.937,16.972
12,16.444,16.245,16.427,16.524,15.927,16.7
12,16.895,15.937,16.688,16.924,15.688,16.926
12,16.644,15.728,16.997,16.701,16.145,16.449
12,16.754,15.516,16.769,16.218,15.957,16.997
12,16.592,16.404,16.576,16.667,16.08,16.843
12,16.906,15.948,16.699,16.934,15.699,16.936
12,16.403,15.465,16.745,16.468,15.891,16.207
12,16.476,15.203,16.457,15.95,15.655,16.697
12,16.862,16.25,16.427,16.907,15.95,16.7
12,16.818,15.854,16.611,16.849,15.608,16.851
12,16.91,15.953,16.703,16.938,15.703,16.94
12,16.911,15.954,16.704,16.939,15.704,16.941
12,16.898,15.66,16.9,16.356,16.097,17.123
12,16.901,15.944,16.695,16.93,15.694,16.932
12,16.608,16.42,16.591,16.682,16.096,16.858
12,16.846,16.232,16.41,16.892,15.933,16.685
12,16.6,16.412,16.583,16.674,16.088,16.851
12,16.738,15.828,17.09,16.791,16.241,16.539
12,16.866,16.254,16.431,16.911,15.954,16.704
12,16.933,15.698,16.935,16.39,16.133,17.157
12,16.644,16.017,16.21,16.697,15.726,16.492
12,16.791,16.241,16.539,16.858,16.582,16.054
12,16.648,16.088,16.397,16.72,16.435,15.917
12,16.653,16.065,16.829,16.708,15.796,17.06
12,16.862,16.249,16.426,16.907,15.95,16.7
12,16.797,15.833,16.591,16.829,15.587,16.832
12,16.917,15.68,16.919,16.374,16.116,17.141
12,16.609,16.422,16.592,16.683,16.097,16.859
12,16.734,15.823,17.086,16.787,16.237,16.535
12,16.937,15.702,16.939,16.394,16.137,17.161
12,16.859,16.247,16.424,16.904,15.947,16.698
12,16.861,16.248,16.425,16.906,15.948,16.699
12,16.561,15.647,16.92,16.621,16.066,16.376
12,16.789,16.239,16.537,16.856,16.58,16.052
12,16.644,16.055,16.82,16.699,15.786,17.051
12,16.737,15.827,17.089,16.79,16.24,16.538
12,16.727,15.816,17.079,16.781,16.23,16.529
12,16.439,16.432,16.605,16.545,16.738,16.122
12,16.722,16.167,16.471,16.791,16.512,15.988
12,16.864,16.251,16.428,16.909,15.951,16.702
12,16.729,15.818,17.081,16.782,16.232,16.53
12,16.866,16.253,16.43,16.91,15.953,16.704
12,16.765,16.213,16.513,16.833,16.556,16.029
12,16.712,15.8,17.064,16.767,16.215,16.515
12,16.908,15.671,16.911,16.366,16.108,17.133
12,16.737,15.827,17.089,16.79,16.24,16.538
12,16.715,16.16,16.463,16.785,16.504,15.981
12,16.865,15.625,16.867,16.324,16.063,17.091
13,15.975,17.276,16.346,16.141,16.81,16.672
13,16.191,17.032,16.317,16.344,17.242,15.885
13,15.997,16.828,16.127,16.157,17.045,15.702
13,15.953,17.253,16.324,16.12,16.788,16.651
13,16.438,17.097,16.007,15.999,17.301,16.37
13,16.225,16.522,15.229,16.335,16.108,15.616
13,16.215,17.104,15.755,16.353,16.643,16.124
13,15.595,17.021,16.005,15.782,16.553,16.347
13,16.329,16.983,15.902,15.894,17.191,16.269
13,15.813,16.767,15.377,15.969,16.312,15.762
13,16.439,17.099,16.008,16.0,17.303,16.371
13,16.353,16.643,16.124,16.458,16.26,16.44
13,15.725,17.04,16.129,15.902,16.582,16.462
13,16.441,17.101,16.01,16.002,17.305,16.373
13,16.441,17.1,16.01,16.001,17.304,16.372
13,16.347,17.246,15.889,16.48,16.78,16.252
13,15.981,17.282,16.352,16.147,16.816,16.678
13,16.001,16.763,15.203,16.141,16.308,15.603
13,16.352,16.532,15.931,16.468,16.792,15.51
13,16.303,17.198,15.845,16.437,16.734,16.21
13,16.395,17.052,15.964,15.958,17.258,16.329
13,16.388,17.045,15.957,15.951,17.25,16.322
13,15.682,16.658,15.316,15.844,16.206,15.701
13,16.352,17.251,15.894,16.485,16.785,16.257
13,16.224,17.068,16.351,16.376,17.277,15.918
13,16.207,17.049,16.333,16.359,17.259,15.901
13,16.213,17.056,16.339,16.365,17.265,15.907
13,15.963,16.839,15.512,16.11,16.387,15.889
13,16.073,16.905,16.197,16.23,17.12,15.77
13,16.375,17.276,15.917,16.507,16.809,16.28
13,16.432,17.092,16.001,15.993,17.296,16.365
13,16.436,17.095,16.005,15.996,17.299,16.368
13,15.975,16.68,15.0,16.113,16.225,15.414
13,16.2,17.089,15.741,16.338,16.628,16.11
13,16.413,17.071,15.982,15.975,17.276,16.346
13,16.218,17.061,16.344,16.37,17.27,15.912
13,16.441,17.101,16.01,16.002,17.305,16.373
13,16.058,16.889,16.182,16.215,17.104,15.755
13,16.438,17.098,16.007,15.999,17.302,16.37
13,16.196,17.037,16.322,16.348,17.247,15.89
13,16.226,17.069,16.352,16.377,17.278,15.919
13,15.69,16.985,16.058,15.867,16.529,16.395
13,15.873,17.166,16.243,16.043,16.704,16.572
13,16.245,16.894,15.819,15.813,17.105,16.189
13,16.441,17.101,16.01,16.002,17.304,16.373
13,15.793,16.456,16.333,15.938,16.079,16.623
13,16.398,16.724,15.444,16.503,16.303,15.822
13,16.372,16.991,15.931,15.934,17.202,16.295
13,16.377,17.277,15.918,16.508,16.81,16.281
13,16.441,17.101,16.01,16.002,17.305,16.373
13,15.407,16.9,14.375,15.603,16.365,14.851
13,16.405,16.7,16.178,16.509,16.315,16.493
13,16.438,17.097,16.007,15.998,17.301,16.37
13,15.894,17.191,16.269,16.063,16.728,16.597
13,15.782,16.553,16.347,15.932,16.165,16.64
13,16.31,17.206,15.852,16.444,16.741,16.216
13,16.316,17.213,15.858,16.45,16.748,16.222
13,15.788,16.732,15.993,15.961,16.945,15.575
13,15.841,16.542,15.596,16.001,16.763,15.203
13,16.287,17.181,15.829,16.422,16.717,16.194
13,16.18,17.02,16.306,16.333,17.231,15.875
13,16.028,16.898,15.554,16.172,16.444,15.93
13,16.178,16.816,15.74,15.748,17.03,16.112
13,16.367,17.267,15.909,16.499,16.801,16.272
13,15.98,17.282,16.351,16.146,16.815,16.677
13,16.223,17.067,16.349,16.375,17.275,15.917
13,16.332,16.663,15.396,16.439,16.244,15.775
13,16.441,16.738,16.213,16.543,16.351,16.527
13,16.38,17.035,15.949,15.942,17.242,16.314
13,16.434,17.093,16.003,15.995,17.297,16.366
13,15.934,17.202,16.295,16.1,16.74,16.622
13,16.438,17.097,16.007,15.998,17.301,16.37
13,16.133,16.773,15.705,15.705,16.988,16.079
13,15.95,16.782,16.088,16.112,17.001,15.665
13,16.151,16.788,15.714,15.722,17.003,16.087
13,15.924,17.222,16.296,16.092,16.758,16.623
13,16.377,17.278,15.919,16.509,16.811,16.281
13,15.753,16.657,15.872,15.925,16.872,15.46
13,16.037,16.693,15.617,15.613,16.91,15.994
13,16.254,16.544,16.036,16.363,16.164,16.355
13,16.372,17.272,15.914,16.504,16.805,16.276
13,16.391,17.047,15.96,15.953,17.253,16.324
13,16.226,17.07,16.352,16.378,17.278,15.919
13,16.373,17.274,15.915,16.505,16.806,16.277
13,16.225,17.069,16.351,16.377,17.277,15.918
13,16.377,17.278,15.919,16.509,16.811,16.281
13,16.42,17.079,15.989,15.982,17.283,16.353
13,16.2,17.042,16.326,16.352,17.251,15.894
13,16.224,17.068,16.351,16.376,17.277,15.918
13,16.434,17.093,16.003,15.995,17.297,16.366
13,16.432,17.091,16.001,15.993,17.295,16.364
13,16.225,17.069,16.351,16.377,17.277,15.918
13,16.366,16.544,15.939,16.481,16.804,15.518
13,16.224,17.068,16.35,16.376,17.276,15.917
13,16.117,16.771,15.683,15.69,16.985,16.058
13,16.212,17.054,16.338,16.364,17.264,15.905
13,16.277,16.927,15.848,15.844,17.137,16.216
13,16.408,17.065,15.977,15.97,17.271,16.341
13,16.152,16.991,16.279,16.307,17.203,15.849
13,16.011,16.82,15.622,15.595,17.021,16.005
13,16.307,16.957,15.875,15.873,17.166,16.243
13,16.198,17.086,15.739,16.336,16.625,16.107
13,16.374,16.572,15.972,16.49,16.83,15.549
13,16.375,17.275,15.916,16.506,16.808,16.279
13,15.958,17.258,16.329,16.125,16.793,16.656
13,16.226,17.07,16.352,16.377,17.278,15.919
13,16.314,16.965,15.883,15.879,17.173,16.25
13,16.407,17.063,15.975,15.969,17.269,16.339
13,16.44,17.1,16.009,16.001,17.304,16.372
13,15.813,17.105,16.189,15.985,16.645,16.52
13,16.371,17.272,15.913,16.503,16.805,16.276
13,15.896,17.191,16.266,16.065,16.728,16.594
13,16.222,17.065,16.348,16.374,17.274,15.915
13,15.948,17.247,16.319,16.115,16.782,16.646
13,16.347,17.245,15.888,16.48,16.779,16.252
13,15.782,16.59,15.896,15.949,16.816,15.48
13,16.364,17.264,15.905,16.496,16.797,16.268
13,16.437,17.096,16.006,15.998,17.3,16.369
13,15.844,17.137,16.216,16.015,16.676,16.547
13,16.437,16.734,16.21,16.54,16.348,16.523
13,15.949,17.248,16.32,16.116,16.783,16.647
13,16.149,16.988,16.276,16.304,17.199,15.846
13,16.309,16.959,15.877,15.874,17.168,16.245
13,16.376,17.276,15.918,16.508,16.809,16.28
13,16.215,17.058,16.342,16.367,17.267,15.909
13,15.796,16.614,15.93,15.963,16.839,15.512
13,15.807,16.534,14.897,15.952,16.084,15.313
13,15.925,16.872,15.46,16.077,16.413,15.843
13,16.162,17.002,16.288,16.316,17.213,15.858
13,16.011,16.856,16.149,16.171,17.071,15.723
13,15.692,16.971,16.059,15.869,16.516,16.395
13,16.429,16.726,16.203,16.532,16.34,16.517
13,16.226,17.07,16.353,16.378,17.279,15.92
13,16.214,17.057,16.34,16.366,17.266,15.907
13,16.352,17.251,15.894,16.485,16.785,16.257
13,15.935,17.933,13.341,15.573,17.895,13.967
13,16.132,16.969,16.258,16.287,17.181,15.829
13,16.436,17.095,16.005,15.997,17.299,16.368
13,16.37,17.271,15.912,16.502,16.803,16.275
13,16.36,17.015,15.93,15.924,17.222,16.296
13,16.225,17.069,16.352,16.377,17.278,15.919
13,15.404,16.664,15.713,15.591,16.218,16.065
13,16.418,17.076,15.987,15.98,17.281,16.351
13,16.194,17.036,16.321,16.347,17.246,15.889
13,16.311,16.611,16.093,16.419,16.228,16.41
13,16.156,16.995,16.282,16.31,17.206,15.852
13,16.316,17.213,15.859,16.45,16.748,16.223
13,16.363,16.659,16.143,16.468,16.275,16.459
13,16.221,17.064,16.347,16.373,17.273,15.914
13,16.344,17.242,15.885,16.476,16.776,16.249
13,15.277,16.544,15.675,15.469,16.105,16.024
13,16.341,16.526,15.917,16.458,16.785,15.497
13,16.373,17.273,15.915,16.505,16.806,16.277
13,16.376,17.276,15.917,16.507,16.809,16.28
13,15.978,17.279,16.349,16.144,16.813,16.674
13,16.14,16.979,16.268,16.295,17.19,15.838
13,16.12,16.755,15.684,15.692,16.971,16.059
13,15.885,17.179,16.255,16.054,16.717,16.584
13,16.37,17.27,15.912,16.502,16.803,16.274
13,16.214,17.057,16.341,16.366,17.266,15.908
13,16.438,17.098,16.007,15.999,17.302,16.37
13,15.573,17.895,13.967,15.798,17.23,14.522
13,15.635,16.548,15.786,15.813,16.767,15.377
13,16.35,17.249,15.891,16.482,16.782,16.255
13,16.197,17.039,16.323,16.35,17.249,15.891
13,16.367,16.658,16.138,16.472,16.274,16.454
13,16.376,17.277,15.918,16.508,16.809,16.28
13,16.295,17.19,15.838,16.429,16.726,16.203
13,16.44,17.1,16.009,16.001,17.304,16.372
13,15.532,16.467,14.935,15.698,16.015,15.343
13,16.048,16.88,16.176,16.206,17.096,15.749
13,15.958,17.258,16.329,16.125,16.792,16.655
13,16.225,17.069,16.352,16.377,17.278,15.919
13,15.748,17.03,16.112,15.923,16.573,16.447
13,16.348,17.247,15.89,16.481,16.781,16.254
13,16.395,17.052,15.965,15.958,17.258,16.329
13,16.112,17.001,15.665,16.254,16.544,16.036
13,16.365,17.265,15.907,16.497,16.798,16.27
13,16.221,17.065,16.347,16.373,17.273,15.915
13,15.937,17.235,16.308,16.104,16.771,16.635
13,16.377,17.278,15.919,16.509,16.81,16.281
13,16.171,17.071,15.723,16.311,16.611,16.093
13,16.113,16.484,15.951,16.231,16.101,16.275
13,16.419,17.078,15.988,15.981,17.282,16.352
13,16.215,17.058,16.342,16.367,17.267,15.909
13,16.223,17.066,16.349,16.375,17.275,15.916
13,16.365,17.265,15.907,16.497,16.798,16.27
13,16.304,17.199,15.846,16.438,16.735,16.211
13,16.338,16.628,16.11,16.444,16.245,16.427
13,16.43,17.089,15.999,15.991,17.293,16.362
13,16.432,17.091,16.001,15.993,17.295,16.364
13,16.374,17.274,15.915,16.505,16.807,16.278
13,16.344,16.635,16.117,16.45,16.252,16.434
13,16.113,16.95,16.241,16.269,17.163,15.812
13,16.438,16.735,16.211,16.541,16.348,16.524
13,16.157,17.045,15.702,16.297,16.586,16.072
13,16.179,17.016,16.303,16.332,17.227,15.872
13,16.373,17.029,15.943,15.937,17.235,16.308
13,15.825,16.636,15.937,15.991,16.86,15.519
13,15.961,16.945,15.575,16.113,16.484,15.951
13,16.362,17.262,15.904,16.495,16.795,16.267
13,15.864,16.675,15.972,16.028,16.898,15.554
13,16.366,17.266,15.907,16.498,16.799,16.27
13,15.949,16.816,15.48,16.096,16.365,15.858
13,15.621,17.078,14.417,15.807,16.534,14.897
13,16.366,17.266,15.908,16.498,16.799,16.271
13,16.206,17.048,16.332,16.358,17.258,15.9
13,15.798,17.23,14.522,15.975,16.68,15.0
13,16.427,17.086,15.996,15.988,17.29,16.359
13,16.068,16.907,16.203,16.225,17.121,15.776
13,16.034,16.973,13.879,15.621,17.078,14.417
13,16.32,16.971,15.888,15.885,17.179,16.255
13,16.269,17.163,15.812,16.405,16.7,16.178
13,16.222,17.065,16.348,16.374,17.274,15.915
13,16.376,17.276,15.918,16.508,16.809,16.28
13,16.416,17.074,15.985,15.978,17.279,16.349
13,16.162,17.002,16.289,16.316,17.213,15.859
13,16.29,16.944,15.864,15.856,17.153,16.232
13,16.225,17.121,15.776,16.363,16.659,16.143
13,16.386,17.042,15.955,15.949,17.248,16.32
13,16.173,16.469,15.182,16.285,16.056,15.57
13,16.213,17.056,16.339,16.365,17.265,15.907
13,16.374,17.274,15.915,16.505,16.807,16.278
13,16.224,17.067,16.35,16.375,17.276,15.917
13,16.187,17.028,16.313,16.34,17.238,15.882
13,16.44,17.1,16.009,16.001,17.304,16.372
13,16.32,17.073,15.84,16.447,16.624,16.2
13,16.226,17.07,16.353,16.378,17.279,15.92
13,16.333,17.231,15.875,16.466,16.765,16.239
13,15.817,16.68,15.669,15.969,16.248,16.025
13,16.206,17.096,15.749,16.344,16.635,16.117
13,15.705,16.988,16.079,15.881,16.533,16.414
13,16.377,17.277,15.918,16.508,16.81,16.281
13,15.98,17.281,16.351,16.146,16.815,16.676
13,16.332,17.227,15.872,16.466,16.762,16.236
13,16.422,17.081,15.992,15.984,17.286,16.355
13,15.991,16.86,15.519,16.137,16.407,15.896
13,16.439,17.099,16.008,16.0,17.303,16.371
13,16.225,17.069,16.352,16.377,17.278,15.919
13,16.224,17.068,16.35,16.376,17.276,15.918
13,16.373,17.273,15.914,16.505,16.806,16.277
13,16.23,17.12,15.77,16.367,16.658,16.138
13,15.722,17.003,16.087,15.897,16.547,16.422
13,16.44,17.099,16.009,16.0,17.303,16.372
13,15.951,17.25,16.322,16.118,16.785,16.649
13,16.174,16.843,16.277,16.32,17.073,15.84
13,16.21,17.053,16.336,16.362,17.262,15.904
13,15.81,16.784,13.843,15.407,16.9,14.375
13,16.44,17.1,16.009,16.001,17.303,16.372
13,16.419,17.077,15.988,15.98,17.282,16.351
13,15.874,17.168,16.245,16.044,16.706,16.574
13,16.221,17.064,16.347,16.373,17.273,15.914
13,16.307,17.203,15.849,16.441,16.738,16.213
13,15.942,17.242,16.314,16.11,16.777,16.641
14,16.135,16.803,16.665,16.267,16.415,16.942
14,15.993,16.731,16.759,16.149,16.988,16.276
14,15.906,16.494,17.372,16.06,16.803,16.826
14,16.044,16.706,16.574,16.179,16.322,16.855
14,16.164,16.835,16.695,16.295,16.446,16.971
14,15.917,16.506,17.383,16.07,16.814,16.837
14,15.998,17.301,16.369,16.163,16.834,16.694
14,16.001,17.304,16.372,16.166,16.837,16.697
14,16.166,16.836,16.696,16.296,16.447,16.973
14,15.999,17.301,16.37,16.164,16.835,16.695
14,15.998,17.301,16.37,16.164,16.834,16.694
14,15.913,16.502,17.379,16.067,16.81,16.833
14,16.069,16.812,16.835,16.223,17.066,16.349
14,15.916,16.505,17.382,16.07,16.813,16.836
14,15.876,16.463,17.342,16.032,16.773,16.798
14,15.918,16.508,17.385,16.072,16.816,16.838
14,15.991,17.293,16.362,16.157,16.827,16.687
14,16.063,16.728,16.597,16.198,16.343,16.877
14,16.065,16.728,16.594,16.199,16.343,16.874
14,15.915,16.504,17.381,16.069,16.813,16.835
14,16.002,17.304,16.373,16.167,16.837,16.697
14,15.881,16.533,16.414,16.022,16.155,16.7
14,15.901,16.489,17.367,16.055,16.798,16.822
14,16.0,17.303,16.371,16.165,16.836,16.696
14,16.16,16.83,16.691,16.291,16.442,16.967
14,16.136,16.805,16.667,16.268,16.417,16.944
14,15.867,16.529,16.395,16.009,16.149,16.683
14,16.166,16.837,16.697,16.297,16.448,16.973
14,16.07,16.814,16.837,16.224,17.068,16.351
14,16.162,16.833,16.693,16.293,16.444,16.969
14,16.125,16.793,16.656,16.257,16.405,16.933
14,15.996,17.299,16.368,16.162,16.832,16.692
14,16.071,16.815,16.837,16.225,17.069,16.351
14,16.092,16.758,16.623,16.226,16.372,16.902
14,15.923,16.573,16.447,16.062,16.193,16.732
14,16.058,16.801,16.825,16.213,17.056,16.339
14,16.167,16.838,16.698,16.298,16.449,16.974
14,15.999,17.302,16.37,16.165,16.835,16.695
14,16.165,16.836,16.696,16.296,16.447,16.972
14,15.835,16.565,16.604,15.997,16.828,16.127
14,15.917,16.506,17.383,16.07,16.814,16.837
14,16.0,17.303,16.372,16.166,16.836,16.696
14,16.166,16.837,16.697,16.297,16.448,16.973
14,15.881,16.612,16.646,16.041,16.873,16.167
14,15.917,16.506,17.383,16.071,16.815,16.837
14,15.993,17.295,16.364,16.159,16.829,16.689
14,16.07,16.814,16.836,16.224,17.068,16.35
14,16.072,16.816,16.838,16.226,17.07,16.352
14,16.015,16.676,16.547,16.151,16.292,16.828
14,15.917,16.507,17.384,16.071,16.815,16.837
14,16.061,16.804,16.827,16.215,17.058,16.342
14,16.066,16.81,16.832,16.22,17.064,16.347
14,15.897,16.547,16.422,16.038,16.168,16.709
14,16.072,16.816,16.838,16.226,17.07,16.352
14,16.006,16.745,16.773,16.162,17.002,16.289
14,16.06,16.803,16.826,16.214,17.057,16.341
14,15.918,16.507,17.384,16.071,16.815,16.837
14,16.125,16.792,16.655,16.257,16.405,16.933
14,16.067,16.81,16.833,16.221,17.064,16.347
14,16.065,16.809,16.832,16.22,17.063,16.346
14,15.913,16.502,17.379,16.067,16.81,16.833
14,15.915,16.504,17.381,16.069,16.812,16.835
14,16.164,16.835,16.695,16.295,16.445,16.971
14,15.897,16.628,16.662,16.058,16.889,16.182
14,16.024,16.76,16.787,16.179,17.016,16.303
14,15.998,17.3,16.369,16.163,16.833,16.694
14,16.07,16.814,16.836,16.224,17.068,16.35
14,15.913,16.502,17.379,16.067,16.811,16.833
14,15.868,16.45,17.331,16.024,16.76,16.787
14,15.886,16.473,17.352,16.041,16.782,16.807
14,16.167,16.837,16.697,16.297,16.448,16.973
14,16.039,16.781,16.805,16.194,17.036,16.321
14,16.164,16.834,16.694,16.295,16.445,16.971
14,16.002,17.305,16.373,16.167,16.838,16.698
14,16.067,16.81,16.833,16.221,17.065,16.347
14,16.027,16.565,16.768,16.174,16.843,16.277
14,16.164,16.834,16.694,16.295,16.445,16.971
14,15.914,16.503,17.38,16.068,16.811,16.834
14,16.167,16.838,16.697,16.298,16.449,16.974
14,15.989,17.291,16.36,16.155,16.824,16.685
14,15.914,16.503,17.38,16.068,16.811,16.834
14,15.913,16.645,16.677,16.073,16.905,16.197
14,16.15,16.819,16.68,16.281,16.431,16.957
14,15.992,17.294,16.363,16.158,16.828,16.688
14,16.072,16.816,16.838,16.226,17.07,16.353
14,16.144,16.813,16.674,16.275,16.425,16.951
14,15.905,16.493,17.371,16.059,16.802,16.825
14,16.163,16.834,16.694,16.294,16.445,16.97
14,15.918,16.507,17.384,16.072,16.816,16.838
14,15.907,16.495,17.373,16.061,16.804,16.827
14,15.996,16.734,16.762,16.152,16.991,16.279
14,15.995,17.297,16.366,16.16,16.83,16.691
14,15.916,16.505,17.382,16.07,16.814,16.836
14,16.07,16.814,16.836,16.224,17.068,16.35
14,15.916,16.505,17.382,16.07,16.814,16.836
14,15.955,16.692,16.723,16.113,16.95,16.241
14,16.07,16.814,16.836,16.224,17.068,16.351
14,16.061,16.804,16.827,16.215,17.058,16.342
14,16.159,16.829,16.689,16.29,16.44,16.966
14,16.155,16.824,16.685,16.286,16.436,16.962
14,16.154,16.824,16.684,16.285,16.435,16.961
14,15.879,16.609,16.644,16.04,16.87,16.165
14,15.919,16.508,17.385,16.072,16.816,16.839
14,15.88,16.467,17.346,16.035,16.777,16.802
14,15.91,16.499,17.376,16.064,16.807,16.83
14,15.849,16.595,16.627,16.011,16.856,16.149
14,16.071,16.815,16.837,16.225,17.069,16.352
14,16.069,16.813,16.835,16.223,17.067,16.349
14,16.072,16.816,16.839,16.226,17.07,16.353
14,16.159,16.829,16.689,16.29,16.44,16.966
14,16.001,17.304,16.372,16.167,16.837,16.697
14,16.054,16.717,16.584,16.189,16.332,16.865
14,15.884,16.471,17.35,16.039,16.781,16.805
14,15.993,17.295,16.364,16.159,16.829,16.689
14,16.167,16.837,16.697,16.297,16.448,16.974
14,16.059,16.802,16.825,16.214,17.057,16.34
14,15.786,16.518,16.565,15.95,16.782,16.088
14,15.997,17.299,16.368,16.162,16.833,16.693
14,16.049,16.711,16.579,16.184,16.327,16.86
14,16.001,17.304,16.372,16.166,16.837,16.697
14,15.988,17.29,16.359,16.154,16.824,16.684
14,16.027,16.692,16.562,16.163,16.308,16.843
14,16.002,17.305,16.373,16.167,16.838,16.697
14,15.999,17.302,16.37,16.165,16.835,16.695
14,15.912,16.501,17.378,16.066,16.81,16.832
14,16.12,16.788,16.651,16.253,16.4,16.929
14,15.998,17.301,16.37,16.164,16.834,16.694
14,16.002,17.305,16.373,16.167,16.838,16.697
14,16.067,16.811,16.833,16.221,17.065,16.348
14,15.918,16.508,17.384,16.072,16.816,16.838
14,15.888,16.619,16.655,16.048,16.88,16.176
14,16.001,17.303,16.372,16.166,16.836,16.696
14,15.903,16.491,17.369,16.057,16.8,16.823
14,16.045,16.787,16.811,16.2,17.042,16.326
14,16.071,16.815,16.838,16.225,17.069,16.352
14,15.904,16.493,17.37,16.058,16.801,16.825
14,16.148,16.817,16.678,16.279,16.429,16.955
14,16.167,16.838,16.697,16.298,16.448,16.974
14,15.884,16.471,17.35,16.039,16.78,16.805
14,15.726,16.588,17.09,15.883,16.227,17.322
14,16.159,16.829,16.69,16.29,16.44,16.966
14,16.167,16.838,16.698,16.298,16.449,16.974
14,15.887,16.474,17.353,16.042,16.784,16.808
14,16.068,16.811,16.834,16.222,17.065,16.348
14,15.995,17.297,16.366,16.16,16.83,16.691
14,16.159,16.83,16.69,16.29,16.441,16.967
14,15.984,17.286,16.355,16.15,16.819,16.68
14,16.116,16.783,16.647,16.249,16.396,16.925
14,15.985,16.645,16.52,16.122,16.263,16.802
14,16.024,16.765,16.79,16.18,17.02,16.306
14,15.913,16.502,17.379,16.067,16.81,16.833
14,15.89,16.477,17.356,16.045,16.787,16.811
14,15.999,16.738,16.765,16.156,16.995,16.282
14,15.297,17.545,16.492,15.533,17.023,16.816
14,16.162,16.832,16.692,16.293,16.443,16.969
14,15.904,16.493,17.37,16.059,16.802,16.825
14,15.993,17.296,16.365,16.159,16.829,16.69
14,16.1,16.74,16.622,16.232,16.357,16.9
14,16.045,16.787,16.811,16.2,17.042,16.326
14,15.533,17.023,16.816,15.726,16.588,17.09
14,16.064,16.807,16.83,16.218,17.062,16.345
14,16.147,16.816,16.678,16.278,16.428,16.955
14,15.61,16.475,16.463,15.788,16.732,15.993
14,16.057,16.8,16.823,16.212,17.054,16.338
14,16.068,16.811,16.834,16.222,17.065,16.348
14,15.917,16.506,17.383,16.071,16.815,16.837
14,16.006,16.745,16.772,16.162,17.002,16.288
14,15.907,16.495,17.373,16.061,16.804,16.827
14,15.994,17.296,16.365,16.159,16.83,16.69
14,16.166,16.836,16.696,16.297,16.447,16.973
14,16.051,16.794,16.817,16.206,17.048,16.332
14,15.974,16.711,16.741,16.132,16.969,16.258
14,16.064,16.807,16.83,16.218,17.061,16.344
14,15.908,16.647,16.684,16.068,16.907,16.203
14,15.984,17.285,16.355,16.15,16.819,16.68
14,16.146,16.815,16.677,16.278,16.427,16.954
14,16.043,16.704,16.572,16.178,16.32,16.853
15,17.553,16.454,12.078,17.56,16.604,11.982
15,16.752,16.522,12.644,16.256,16.658,13.267
15,17.56,16.604,11.982,16.999,16.737,12.666
15,16.999,16.737,12.666,16.492,16.86,13.297
15,16.492,16.86,13.297,16.034,16.973,13.879
16,16.707,17.046,15.747,16.8,16.614,16.114
16,16.671,17.008,15.711,16.766,16.577,16.08
16,16.508,16.809,16.28,16.608,16.42,16.591
16,16.791,16.512,15.988,16.869,16.796,15.561
16,16.857,16.581,16.053,16.933,16.863,15.624
16,16.706,17.045,15.746,16.799,16.613,16.113
16,16.613,16.945,15.652,16.709,16.517,16.023
16,16.704,17.044,15.745,16.798,16.612,16.112
16,16.458,16.785,15.497,16.561,16.361,15.873
16,16.507,16.808,16.279,16.607,16.419,16.59
16,16.783,16.596,16.097,16.85,16.236,16.414
16,16.701,16.508,16.015,16.771,16.152,16.335
16,16.495,16.492,16.661,16.599,16.796,16.176
16,16.571,16.766,16.148,16.68,17.017,15.719
16,16.846,16.57,16.042,16.923,16.853,15.614
16,16.933,16.864,15.624,16.441,17.101,16.01
16,16.857,16.582,16.053,16.933,16.863,15.624
16,16.934,16.864,15.625,16.441,17.101,16.01
16,16.579,16.774,16.156,16.687,17.025,15.727
16,16.595,16.791,16.172,16.702,17.042,15.742
16,16.807,16.729,15.498,16.32,16.971,15.888
16,16.688,16.496,16.004,16.758,16.14,16.325
16,16.854,16.579,16.05,16.93,16.861,15.622
16,16.62,16.955,15.663,16.717,16.526,16.033
16,16.701,17.04,15.741,16.794,16.608,16.108
16,16.786,16.599,16.1,16.853,16.239,16.417
16,16.485,16.785,16.257,16.586,16.397,16.569
16,16.801,16.723,15.493,16.314,16.965,15.883
16,16.496,16.797,16.268,16.596,16.408,16.58
16,16.923,16.853,15.614,16.431,17.09,16.0
16,16.933,16.864,15.624,16.441,17.101,16.01
16,16.798,16.518,15.993,16.876,16.802,15.567
16,16.709,16.517,16.023,16.779,16.16,16.343
16,16.596,16.793,16.174,16.704,17.044,15.744
16,16.621,16.955,15.661,16.717,16.525,16.031
16,16.508,16.81,16.28,16.608,16.42,16.591
16,16.931,16.862,15.622,16.439,17.099,16.008
16,16.477,16.472,16.643,16.581,16.777,16.159
16,16.592,16.789,16.17,16.7,17.039,15.74
16,16.692,17.031,15.732,16.786,16.599,16.1
16,16.509,16.811,16.281,16.609,16.421,16.592
16,16.475,16.47,16.641,16.579,16.774,16.156
16,16.562,16.757,16.14,16.671,17.008,15.711
16,16.821,16.542,16.015,16.898,16.825,15.588
16,16.481,16.804,15.518,16.583,16.38,15.893
16,16.496,16.492,16.662,16.599,16.796,16.177
16,16.588,16.784,16.166,16.696,17.035,15.736
16,16.876,16.803,15.568,16.386,17.042,15.955
16,16.486,16.482,16.652,16.59,16.786,16.168
16,16.485,16.48,16.65,16.588,16.784,16.166
16,16.858,16.582,16.054,16.934,16.864,15.625
16,16.8,16.614,16.114,16.866,16.253,16.43
16,16.794,16.715,15.485,16.307,16.957,15.875
16,16.759,16.57,16.073,16.826,16.211,16.391
16,16.799,16.613,16.113,16.865,16.253,16.429
16,16.468,16.656,16.046,16.58,16.911,15.621
16,16.593,16.79,16.171,16.701,17.04,15.741
16,16.783,16.596,16.097,16.85,16.236,16.414
16,16.792,16.606,16.106,16.859,16.246,16.423
16,16.699,17.038,15.739,16.792,16.606,16.106
16,16.497,16.687,16.074,16.608,16.941,15.648
16,16.508,16.81,16.281,16.608,16.421,16.592
16,16.837,16.561,16.033,16.914,16.843,15.605
16,16.914,16.843,15.605,16.422,17.081,15.992
16,16.647,16.971,15.681,16.742,16.542,16.051
16,16.505,16.806,16.277,16.605,16.417,16.588
16,16.798,16.612,16.112,16.864,16.251,16.428
16,16.48,16.476,16.646,16.584,16.78,16.162
16,16.927,16.858,15.619,16.436,17.095,16.005
16,16.799,16.613,16.113,16.865,16.253,16.43
16,16.692,17.031,15.732,16.786,16.599,16.1
16,16.702,17.042,15.743,16.796,16.61,16.11
16,16.696,17.035,15.736,16.79,16.603,16.104
16,16.8,16.614,16.114,16.866,16.253,16.43
16,16.508,16.809,16.28,16.608,16.42,16.591
16,16.595,16.791,16.172,16.702,17.042,15.743
16,16.706,17.046,15.746,16.799,16.613,16.113
16,16.863,16.789,15.555,16.373,17.029,15.943
16,16.848,16.571,16.043,16.924,16.854,15.615
16,16.685,17.023,15.725,16.779,16.592,16.093
16,16.932,16.863,15.623,16.44,17.1,16.009
16,16.854,16.578,16.05,16.93,16.86,15.621
16,16.508,16.81,16.281,16.608,16.421,16.592
16,16.854,16.578,16.05,16.93,16.86,15.621
16,16.704,17.044,15.744,16.797,16.611,16.111
16,16.467,16.461,16.632,16.571,16.766,16.148
16,16.929,16.86,15.621,16.437,17.097,16.006
16,16.855,16.58,16.051,16.931,16.862,15.622
16,16.664,17.001,15.704,16.759,16.57,16.073
16,16.509,16.702,16.089,16.62,16.955,15.663
16,16.817,16.742,15.513,16.329,16.983,15.902
16,16.48,16.779,16.252,16.581,16.391,16.564
16,16.55,16.743,16.128,16.659,16.996,15.699
16,16.689,17.027,15.729,16.783,16.596,16.097
16,16.932,16.863,15.624,16.44,17.1,16.009
16,16.481,16.781,16.254,16.582,16.393,16.565
16,16.477,16.589,15.214,16.011,16.82,15.622
16,16.491,16.487,16.657,16.595,16.791,16.172
16,16.493,16.489,16.658,16.596,16.793,16.174
16,16.705,16.512,16.019,16.774,16.156,16.339
16,16.598,16.795,16.176,16.706,17.045,15.746
16,16.479,16.669,16.059,16.591,16.924,15.633
16,16.922,16.851,15.613,16.43,17.089,15.999
16,16.797,16.611,16.111,16.863,16.251,16.428
16,16.924,16.854,15.615,16.432,17.091,16.001
16,16.749,16.56,16.063,16.817,16.202,16.382
16,16.8,16.614,16.114,16.866,16.254,16.431
16,16.854,16.578,16.05,16.93,16.86,15.621
16,16.632,16.583,15.362,16.153,16.828,15.757
16,16.796,16.609,16.11,16.862,16.249,16.426
16,16.691,17.029,15.731,16.784,16.597,16.098
16,16.833,16.556,16.029,16.91,16.839,15.601
16,16.598,16.795,16.176,16.706,17.046,15.746
16,16.699,17.039,15.74,16.793,16.606,16.107
16,16.502,16.691,16.079,16.613,16.945,15.652
16,16.598,16.795,16.175,16.705,17.045,15.746
16,16.51,16.811,16.282,16.609,16.422,16.593
16,16.933,16.863,15.624,16.441,17.1,16.01
16,16.51,16.701,16.088,16.621,16.955,15.661
16,16.76,16.572,16.074,16.828,16.213,16.392
16,16.798,16.612,16.112,16.865,16.252,16.429
16,16.442,16.63,16.023,16.555,16.886,15.598
16,16.842,16.566,16.038,16.919,16.848,15.61
16,16.754,16.565,16.068,16.822,16.206,16.386
16,16.477,16.472,16.642,16.581,16.776,16.158
16,16.796,16.61,16.111,16.863,16.25,16.427
16,16.854,16.578,16.05,16.93,16.86,15.621
16,16.507,16.809,16.28,16.607,16.42,16.59
16,16.581,16.776,16.158,16.689,17.027,15.729
16,16.505,16.806,16.277,16.605,16.417,16.588
16,16.79,16.603,16.104,16.856,16.243,16.421
16,16.933,16.863,15.624,16.441,17.1,16.01
16,16.93,16.86,15.621,16.438,17.097,16.007
16,16.919,16.849,15.611,16.428,17.087,15.997
16,16.799,16.613,16.113,16.865,16.252,16.429
16,16.793,16.607,16.107,16.86,16.247,16.424
16,16.785,16.504,15.981,16.863,16.789,15.555
16,16.742,16.542,16.051,16.809,16.185,16.369
16,16.595,16.792,16.173,16.703,17.043,15.743
16,16.591,16.924,15.633,16.688,16.496,16.004
16,16.496,16.492,16.661,16.599,16.796,16.176
16,16.485,16.785,16.257,16.586,16.397,16.569
16,16.786,16.599,16.1,16.853,16.239,16.417
16,16.717,16.526,16.033,16.786,16.169,16.352
16,16.771,16.49,15.967,16.85,16.775,15.542
16,16.599,16.796,16.177,16.707,17.046,15.747
16,16.791,16.605,16.105,16.858,16.245,16.422
16,16.864,16.747,15.544,16.372,16.991,15.931
16,16.69,17.028,15.73,16.784,16.596,16.098
16,16.599,16.796,16.176,16.706,17.046,15.746
16,16.706,17.046,15.746,16.799,16.613,16.113
16,16.59,16.786,16.168,16.698,17.037,15.738
16,16.584,16.78,16.162,16.692,17.031,15.732
16,16.601,16.505,15.286,16.12,16.755,15.684
16,16.603,16.935,15.643,16.7,16.506,16.013
16,16.85,16.775,15.542,16.36,17.015,15.93
16,16.666,17.003,15.706,16.76,16.572,16.074
16,16.834,16.557,16.03,16.911,16.84,15.602
16,16.457,16.778,15.495,16.559,16.355,15.871
16,16.478,16.473,16.643,16.582,16.777,16.159
16,16.91,16.839,15.601,16.418,17.076,15.987
16,16.793,16.606,16.107,16.859,16.247,16.424
16,16.498,16.799,16.27,16.598,16.41,16.582
16,16.869,16.796,15.561,16.38,17.035,15.949
16,16.93,16.86,15.621,16.438,17.098,16.007
16,16.852,16.576,16.048,16.928,16.858,15.619
16,16.596,16.524,15.284,16.117,16.771,15.683
16,16.931,16.862,15.623,16.439,17.099,16.008
16,16.599,16.796,16.177,16.707,17.047,15.747
16,16.592,16.789,16.17,16.7,17.039,15.74
16,16.484,16.48,16.65,16.588,16.784,16.165
16,16.758,16.569,16.072,16.826,16.211,16.39
16,16.534,16.727,16.112,16.644,16.98,15.685
16,16.798,16.519,15.994,16.876,16.803,15.568
16,16.801,16.521,15.997,16.879,16.805,15.57
16,16.739,16.455,15.934,16.819,16.741,15.509
16,16.705,17.045,15.745,16.798,16.612,16.112
16,16.495,16.492,16.661,16.598,16.795,16.176
16,16.493,16.49,16.659,16.597,16.794,16.174
16,16.492,16.792,16.264,16.592,16.404,16.576
16,16.491,16.791,16.263,16.591,16.403,16.575
16,16.907,16.836,15.598,16.416,17.074,15.985
16,16.707,17.047,15.747,16.8,16.614,16.114
16,16.504,16.805,16.276,16.604,16.416,16.587
16,16.505,16.806,16.277,16.605,16.417,16.588
16,16.779,16.592,16.093,16.846,16.232,16.41
16,16.853,16.577,16.049,16.929,16.859,15.62
16,16.572,16.768,16.15,16.681,17.019,15.721
16,16.597,16.794,16.174,16.704,17.044,15.745
16,16.886,16.813,15.578,16.395,17.052,15.965
16,16.926,16.856,15.617,16.434,17.093,16.003
16,16.933,16.864,15.625,16.441,17.101,16.01
16,16.849,16.573,16.045,16.926,16.856,15.617
16,16.856,16.581,16.052,16.932,16.863,15.623
16,16.493,16.49,16.659,16.596,16.793,16.174
16,16.49,16.486,16.655,16.593,16.79,16.171
16,16.545,16.738,16.122,16.654,16.99,15.694
16,16.848,16.572,16.044,16.924,16.854,15.616
16,16.843,16.567,16.039,16.919,16.849,15.611
16,16.794,16.607,16.108,16.86,16.247,16.424
16,16.577,16.772,16.154,16.685,17.023,15.725
16,16.487,16.483,16.653,16.591,16.787,16.169
16,16.827,16.55,16.023,16.904,16.833,15.596
16,16.856,16.581,16.052,16.932,16.862,15.623
16,16.857,16.582,16.053,16.933,16.864,15.624
16,16.502,16.803,16.275,16.602,16.415,16.586
16,16.489,16.485,16.654,16.592,16.789,16.17
16,16.924,16.854,15.615,16.432,17.091,16.001
16,16.876,16.802,15.567,16.386,17.041,15.954
16,16.93,16.86,15.621,16.438,17.097,16.007
16,16.687,17.025,15.727,16.781,16.594,16.095
16,16.763,16.683,15.456,16.277,16.927,15.848
16,16.599,16.796,16.176,16.706,17.046,15.747
16,16.857,16.582,16.053,16.933,16.864,15.624
16,16.928,16.858,15.619,16.436,17.095,16.005
16,16.74,16.55,16.054,16.808,16.192,16.373
16,16.762,16.574,16.076,16.83,16.215,16.394
16,16.499,16.801,16.272,16.6,16.412,16.583
16,16.473,16.468,16.638,16.577,16.772,16.154
16,16.851,16.576,16.047,16.927,16.858,15.619
16,16.899,16.827,15.59,16.408,17.065,15.977
16,16.822,16.544,16.018,16.899,16.827,15.59
16,16.845,16.569,16.041,16.922,16.851,15.613
16,16.499,16.8,16.272,16.6,16.412,16.583
16,16.494,16.491,16.66,16.597,16.794,16.175
16,16.493,16.489,16.659,16.596,16.793,16.174
16,16.855,16.58,16.051,16.931,16.862,15.623
16,16.858,16.582,16.053,16.933,16.864,15.625
16,16.458,16.452,16.623,16.562,16.757,16.14
16,16.599,16.796,16.176,16.706,17.046,15.746
16,16.925,16.855,15.616,16.433,17.092,16.002
16,16.7,16.506,16.013,16.769,16.15,16.334
16,16.468,16.463,16.634,16.572,16.768,16.15
16,16.932,16.863,15.624,16.44,17.1,16.009
16,16.857,16.582,16.053,16.933,16.864,15.624
16,16.924,16.854,15.616,16.432,17.092,16.001
16,16.663,17.0,15.704,16.758,16.569,16.072
16,16.588,16.784,16.165,16.696,17.035,15.736
16,16.659,16.996,15.699,16.754,16.565,16.068
16,16.476,16.776,16.249,16.578,16.388,16.561
16,16.797,16.611,16.111,16.863,16.251,16.428
16,16.597,16.794,16.174,16.704,17.044,15.745
16,16.854,16.579,16.05,16.93,16.861,15.622
16,16.466,16.765,16.239,16.568,16.377,16.551
16,16.706,17.046,15.747,16.8,16.614,16.114
16,16.468,16.792,15.51,16.57,16.369,15.886
16,16.68,17.017,15.719,16.774,16.586,16.088
16,16.598,16.795,16.176,16.706,17.045,15.746
16,16.559,16.753,16.136,16.668,17.005,15.708
16,16.489,16.485,16.655,16.592,16.789,16.17
16,16.93,16.86,15.621,16.438,17.097,16.007
16,16.704,17.044,15.744,16.797,16.611,16.111
16,16.654,16.99,15.694,16.749,16.56,16.063
16,16.492,16.488,16.658,16.595,16.792,16.173
16,16.849,16.573,16.044,16.925,16.855,15.616
16,16.91,16.839,15.601,16.419,17.077,15.988
16,16.505,16.806,16.277,16.605,16.417,16.588
16,16.7,17.039,15.74,16.793,16.607,16.107
16,16.794,16.608,16.108,16.861,16.248,16.425
16,16.45,16.748,16.222,16.552,16.361,16.535
16,16.591,16.787,16.169,16.699,17.038,15.739
16,16.784,16.596,16.098,16.85,16.237,16.415
16,16.736,16.456,15.937,16.817,16.742,15.513
16,16.447,16.624,16.2,16.544,16.251,16.509
16,16.444,16.741,16.216,16.546,16.355,16.53
16,16.599,16.796,16.177,16.706,17.046,15.747
16,16.58,16.911,15.621,16.678,16.484,15.992
16,16.497,16.798,16.27,16.598,16.409,16.581
16,16.797,16.611,16.111,16.864,16.251,16.428
16,16.932,16.862,15.623,16.44,17.1,16.009
16,16.505,16.807,16.278,16.606,16.418,16.589
16,16.493,16.489,16.659,16.596,16.793,16.174
16,16.502,16.803,16.274,16.602,16.414,16.585
16,16.702,17.042,15.742,16.796,16.609,16.11
16,16.774,16.586,16.088,16.841,16.227,16.405
16,16.881,16.808,15.572,16.391,17.047,15.96
16,16.848,16.572,16.044,16.924,16.854,15.615
16,16.857,16.582,16.053,16.933,16.864,15.625
16,16.681,17.019,15.721,16.775,16.587,16.089
16,16.796,16.717,15.487,16.309,16.959,15.877
16,16.704,17.043,15.744,16.797,16.611,16.111
16,16.717,16.525,16.031,16.787,16.168,16.351
16,16.592,16.788,16.169,16.7,17.039,15.74
16,16.799,16.613,16.113,16.865,16.253,16.43
16,16.705,17.045,15.745,16.798,16.612,16.112
16,16.766,16.577,16.08,16.833,16.219,16.398
16,16.819,16.741,15.509,16.331,16.983,15.899
16,16.509,16.81,16.281,16.609,16.421,16.592
16,16.886,16.813,15.577,16.395,17.052,15.964
16,16.926,16.856,15.617,16.434,17.093,16.003
16,16.912,16.841,15.603,16.42,17.079,15.989
16,16.803,16.524,15.999,16.881,16.808,15.572
16,16.493,16.682,16.07,16.604,16.936,15.644
16,16.799,16.613,16.113,16.866,16.253,16.43
16,16.557,16.751,16.134,16.666,17.003,15.706
16,16.502,16.826,15.538,16.603,16.401,15.913
16,16.797,16.611,16.111,16.864,16.251,16.428
16,16.698,17.037,15.738,16.791,16.605,16.105
16,16.929,16.859,15.62,16.437,17.096,16.006
16,16.48,16.78,16.252,16.581,16.392,16.564
16,16.633,16.539,15.317,16.151,16.788,15.714
16,16.49,16.83,15.549,16.592,16.404,15.923
16,16.856,16.58,16.052,16.932,16.862,15.623
16,16.488,16.484,16.654,16.592,16.788,16.169
16,16.781,16.594,16.095,16.848,16.234,16.412
16,16.706,17.046,15.746,16.799,16.613,16.113
16,16.729,16.649,15.426,16.245,16.894,15.819
16,16.495,16.491,16.661,16.598,16.795,16.176
16,16.495,16.491,16.66,16.598,16.795,16.176
16,16.853,16.578,16.049,16.929,16.86,15.621
16,16.608,16.941,15.648,16.705,16.512,16.019
16,16.493,16.489,16.659,16.596,16.793,16.174
16,16.904,16.833,15.596,16.413,17.071,15.982
16,16.596,16.793,16.174,16.704,17.043,15.744
16,16.508,16.809,16.28,16.608,16.42,16.591
16,16.856,16.581,16.052,16.932,16.863,15.624
16,16.696,17.035,15.736,16.789,16.602,16.103
16,16.48,16.476,16.646,16.584,16.78,16.162
16,16.671,17.009,15.712,16.766,16.577,16.08
16,16.491,16.681,16.069,16.603,16.935,15.643
16,16.794,16.608,16.108,16.861,16.248,16.425
16,16.932,16.862,15.623,16.44,17.099,16.009
16,16.494,16.491,16.66,16.597,16.794,16.175
16,16.496,16.493,16.662,16.599,16.796,16.177
16,16.933,16.864,15.625,16.441,17.101,16.01
16,16.668,17.005,15.708,16.762,16.574,16.076
16,16.797,16.611,16.111,16.863,16.251,16.428
16,16.775,16.587,16.089,16.842,16.228,16.407
16,16.495,16.795,16.267,16.595,16.407,16.578
16,16.509,16.811,16.281,16.609,16.422,16.592
16,16.796,16.61,16.11,16.862,16.25,16.427
16,16.584,16.78,16.162,16.692,17.031,15.732
16,16.597,16.794,16.175,16.705,17.045,15.745
16,16.911,16.84,15.602,16.419,17.078,15.988
