1.5888,2.5872,0.11304,-0.0088694,1.6102,2.5856,0.21321,-0.015734
2.9174,2.8211,0.0088694,-0.11304,2.919,2.7998,0.015734,-0.21321
1.7072,0.83164,0.11304,-0.0088694,1.7285,0.83006,0.21321,-0.015734
1.576,1.3726,0.0862,-0.0862,1.5922,1.3565,0.16189,-0.16189
1.1814,1.9258,0.0862,-0.0862,1.1976,1.9096,0.16189,-0.16189
0.26832,0.18742,0.11304,-0.0088694,0.28964,0.18585,0.21321,-0.015734
2.18,2.2339,0.0088694,-0.11304,2.1816,2.2125,0.015734,-0.21321
1.3812,2.151,0.11304,-0.0088694,1.4026,2.1495,0.21321,-0.015734
1.3527,2.6587,0.11304,-0.0088694,1.374,2.6571,0.21321,-0.015734
1.9738,2.8963,0.11304,-0.0088694,1.9951,2.8948,0.21321,-0.015734
1.1236,1.6453,0.0862,-0.0862,1.1398,1.6292,0.16189,-0.16189
0.68569,0.92925,0.11304,-0.0088694,0.70701,0.92768,0.21321,-0.015734
1.0637,2.3074,0.11304,-0.0088694,1.085,2.3058,0.21321,-0.015734
1.4804,1.8638,0.0862,-0.0862,1.4966,1.8476,0.16189,-0.16189
2.5406,1.6391,0.0088694,-0.11304,2.5421,1.6178,0.015734,-0.21321
1.0634,0.68442,0.11304,-0.0088694,1.0848,0.68285,0.21321,-0.015734
1.8888,1.8702,0.0862,-0.0862,1.905,1.8541,0.16189,-0.16189
1.345,0.068806,0.11304,-0.0088694,1.3663,0.067233,0.21321,-0.015734
0.90884,0.68458,0.11304,-0.0088694,0.93016,0.68301,0.21321,-0.015734
1.6524,0.49934,0.11304,-0.0088694,1.6738,0.49777,0.21321,-0.015734
2.9764,1.9807,0.0088694,-0.11304,2.978,1.9594,0.015734,-0.21321
2.353,2.5851,0.0088694,-0.11304,2.3546,2.5637,0.015734,-0.21321
1.7487,1.5145,0.0862,-0.0862,1.7649,1.4983,0.16189,-0.16189
0.63578,0.17651,0.11304,-0.0088694,0.6571,0.17494,0.21321,-0.015734
2.7918,2.2581,0.0088694,-0.11304,2.7934,2.2367,0.015734,-0.21321
0.37976,0.52408,0.11304,-0.0088694,0.40108,0.5225,0.21321,-0.015734
2.324,1.3456,0.0088694,-0.11304,2.3256,1.3243,0.015734,-0.21321
1.0191,2.9374,0.11304,-0.0088694,1.0405,2.9358,0.21321,-0.015734
1.4729,2.0323,0.11304,-0.0088694,1.4942,2.0307,0.21321,-0.015734
0.80403,0.055084,0.11304,-0.0088694,0.82535,0.05351,0.21321,-0.015734
1.6899,0.22511,0.11304,-0.0088694,1.7112,0.22354,0.21321,-0.015734
2.4184,2.4004,0.0088694,-0.11304,2.42,2.3791,0.015734,-0.21321
0.28107,1.2774,0.0088694,-0.11304,0.28264,1.2561,0.015734,-0.21321
0.41611,0.11664,0.11304,-0.0088694,0.43743,0.11507,0.21321,-0.015734
1.0746,0.18711,0.11304,-0.0088694,1.0959,0.18554,0.21321,-0.015734
0.10358,1.1483,0.0088694,-0.11304,0.10516,1.127,0.015734,-0.21321
1.3366,0.16216,0.11304,-0.0088694,1.358,0.16058,0.21321,-0.015734
1.0839,2.8463,0.11304,-0.0088694,1.1052,2.8447,0.21321,-0.015734
1.5231,2.5033,0.11304,-0.0088694,1.5444,2.5017,0.21321,-0.015734
0.22928,1.2076,0.0088694,-0.11304,0.23085,1.1863,0.015734,-0.21321
1.5921,2.5623,0.11304,-0.0088694,1.6134,2.5608,0.21321,-0.015734
1.5483,0.7346,0.11304,-0.0088694,1.5696,0.73303,0.21321,-0.015734
2.303,1.7479,0.0088694,-0.11304,2.3046,1.7266,0.015734,-0.21321
1.539,0.19989,0.11304,-0.0088694,1.5603,0.19832,0.21321,-0.015734
2.9323,2.8358,0.0088694,-0.11304,2.9338,2.8145,0.015734,-0.21321
2.8493,1.8119,0.0088694,-0.11304,2.8508,1.7905,0.015734,-0.21321
0.83479,0.67812,0.11304,-0.0088694,0.85611,0.67655,0.21321,-0.015734
2.6933,2.8626,0.0088694,-0.11304,2.6949,2.8413,0.015734,-0.21321
1.7179,0.98052,0.11304,-0.0088694,1.7392,0.97895,0.21321,-0.015734
1.8792,2.2912,0.11304,-0.0088694,1.9006,2.2896,0.21321,-0.015734
1.3004,2.2884,0.11304,-0.0088694,1.3217,2.2868,0.21321,-0.015734
0.94123,1.2125,0.0088694,-0.11304,0.9428,1.1912,0.015734,-0.21321
0.15672,0.64176,0.11304,-0.0088694,0.17804,0.64019,0.21321,-0.015734
1.5462,0.4109,0.11304,-0.0088694,1.5675,0.40933,0.21321,-0.015734
1.1671,2.3412,0.11304,-0.0088694,1.1885,2.3396,0.21321,-0.015734
2.7113,1.3501,0.0088694,-0.11304,2.7129,1.3288,0.015734,-0.21321
1.947,1.5367,0.0862,-0.0862,1.9632,1.5205,0.16189,-0.16189
1.9938,2.502,0.11304,-0.0088694,2.0152,2.5004,0.21321,-0.015734
2.4284,2.8795,0.0088694,-0.11304,2.43,2.8581,0.015734,-0.21321
2.1446,2.427,0.0088694,-0.11304,2.1462,2.4057,0.015734,-0.21321
1.6636,0.9798,0.11304,-0.0088694,1.6849,0.97822,0.21321,-0.015734
1.4058,1.791,0.0862,-0.0862,1.422,1.7748,0.16189,-0.16189
1.3131,0.70922,0.11304,-0.0088694,1.3345,0.70764,0.21321,-0.015734
1.5308,0.13889,0.11304,-0.0088694,1.5521,0.13732,0.21321,-0.015734
1.9358,1.9336,0.0862,-0.0862,1.952,1.9174,0.16189,-0.16189
2.3929,2.5729,0.0088694,-0.11304,2.3945,2.5515,0.015734,-0.21321
1.0354,0.52016,0.11304,-0.0088694,1.0567,0.51859,0.21321,-0.015734
2.6308,1.7769,0.0088694,-0.11304,2.6324,1.7556,0.015734,-0.21321
1.1496,2.2439,0.11304,-0.0088694,1.171,2.2423,0.21321,-0.015734
1.1389,2.0433,0.11304,-0.0088694,1.1603,2.0418,0.21321,-0.015734
1.474,0.093648,0.11304,-0.0088694,1.4953,0.092074,0.21321,-0.015734
0.414,0.81009,0.11304,-0.0088694,0.43532,0.80852,0.21321,-0.015734
0.80114,-0.00031221,0.11304,-0.0088694,0.82247,-0.0018856,0.21321,-0.015734
0.098944,0.96328,0.11304,-0.0088694,0.12027,0.96171,0.21321,-0.015734
1.6376,0.55838,0.11304,-0.0088694,1.6589,0.55681,0.21321,-0.015734
2.3006,1.6948,0.0088694,-0.11304,2.3021,1.6735,0.015734,-0.21321
2.0235,2.8019,0.0088694,-0.11304,2.025,2.7805,0.015734,-0.21321
0.98069,1.6659,0.0088694,-0.11304,0.98226,1.6446,0.015734,-0.21321
1.2029,1.4853,0.0862,-0.0862,1.2191,1.4691,0.16189,-0.16189
2.4891,1.1426,0.0088694,-0.11304,2.4907,1.1213,0.015734,-0.21321
1.5353,2.6321,0.11304,-0.0088694,1.5566,2.6305,0.21321,-0.015734
2.9483,2.8704,0.0088694,-0.11304,2.9499,2.8491,0.015734,-0.21321
0.81978,0.74563,0.11304,-0.0088694,0.8411,0.74406,0.21321,-0.015734
0.89526,0.95858,0.11304,-0.0088694,0.91658,0.95701,0.21321,-0.015734
1.2747,2.7064,0.11304,-0.0088694,1.296,2.7048,0.21321,-0.015734
0.30638,1.2582,0.0088694,-0.11304,0.30796,1.2368,0.015734,-0.21321
0.027938,1.0874,0.0088694,-0.11304,0.029511,1.0661,0.015734,-0.21321
1.6736,0.22125,0.11304,-0.0088694,1.6949,0.21968,0.21321,-0.015734
1.4249,1.6567,0.0862,-0.0862,1.4411,1.6405,0.16189,-0.16189
2.4652,2.4274,0.0088694,-0.11304,2.4668,2.4061,0.015734,-0.21321
1.614,0.9081,0.11304,-0.0088694,1.6353,0.90653,0.21321,-0.015734
1.2575,1.0285,0.0862,-0.0862,1.2737,1.0123,0.16189,-0.16189
1.0503,0.54903,0.11304,-0.0088694,1.0716,0.54745,0.21321,-0.015734
2.4376,1.3607,0.0088694,-0.11304,2.4391,1.3394,0.015734,-0.21321
1.7999,0.31592,0.11304,-0.0088694,1.8212,0.31434,0.21321,-0.015734
1.7045,1.7698,0.0862,-0.0862,1.7207,1.7536,0.16189,-0.16189
0.027262,0.66875,0.11304,-0.0088694,0.048584,0.66717,0.21321,-0.015734
1.5158,1.124,0.0862,-0.0862,1.532,1.1078,0.16189,-0.16189
2.9515,2.1772,0.0088694,-0.11304,2.953,2.1559,0.015734,-0.21321
1.538,1.3983,0.0862,-0.0862,1.5542,1.3821,0.16189,-0.16189
2.8292,1.9756,0.0088694,-0.11304,2.8308,1.9543,0.015734,-0.21321
1.0348,2.3657,0.11304,-0.0088694,1.0561,2.3641,0.21321,-0.015734
0.60201,1.916,0.0088694,-0.11304,0.60358,1.8947,0.015734,-0.21321
0.43008,0.22285,0.11304,-0.0088694,0.4514,0.22127,0.21321,-0.015734
0.10821,0.13593,0.11304,-0.0088694,0.12953,0.13435,0.21321,-0.015734
1.833,1.1299,0.0862,-0.0862,1.8492,1.1137,0.16189,-0.16189
1.3949,1.8679,0.0862,-0.0862,1.4111,1.8517,0.16189,-0.16189
1.7911,0.1252,0.11304,-0.0088694,1.8125,0.12363,0.21321,-0.015734
1.5667,2.241,0.11304,-0.0088694,1.588,2.2394,0.21321,-0.015734
2.5132,1.0616,0.0088694,-0.11304,2.5148,1.0403,0.015734,-0.21321
1.8068,1.8997,0.0862,-0.0862,1.823,1.8835,0.16189,-0.16189
1.0311,2.8563,0.11304,-0.0088694,1.0524,2.8547,0.21321,-0.015734
1.5935,1.2314,0.0862,-0.0862,1.6097,1.2152,0.16189,-0.16189
1.2954,0.32678,0.11304,-0.0088694,1.3167,0.32521,0.21321,-0.015734
1.2668,2.4875,0.11304,-0.0088694,1.2882,2.4859,0.21321,-0.015734
1.5252,0.97947,0.11304,-0.0088694,1.5466,0.9779,0.21321,-0.015734
1.7946,2.3529,0.11304,-0.0088694,1.8159,2.3513,0.21321,-0.015734
1.5069,0.11152,0.11304,-0.0088694,1.5282,0.10995,0.21321,-0.015734
1.0164,2.4667,0.11304,-0.0088694,1.0377,2.4651,0.21321,-0.015734
0.81259,0.55636,0.11304,-0.0088694,0.83392,0.55479,0.21321,-0.015734
0.37957,0.65158,0.11304,-0.0088694,0.40089,0.65,0.21321,-0.015734
1.5988,1.7351,0.0862,-0.0862,1.615,1.7189,0.16189,-0.16189
1.6967,2.8867,0.11304,-0.0088694,1.718,2.8851,0.21321,-0.015734
1.762,0.48807,0.11304,-0.0088694,1.7833,0.48649,0.21321,-0.015734
0.77058,1.4803,0.0088694,-0.11304,0.77215,1.459,0.015734,-0.21321
2.8978,2.6341,0.0088694,-0.11304,2.8994,2.6128,0.015734,-0.21321
2.706,1.4139,0.0088694,-0.11304,2.7076,1.3926,0.015734,-0.21321
1.5551,2.0739,0.11304,-0.0088694,1.5764,2.0724,0.21321,-0.015734
1.9366,0.19758,0.11304,-0.0088694,1.958,0.196,0.21321,-0.015734
1.2479,0.13909,0.11304,-0.0088694,1.2692,0.13752,0.21321,-0.015734
1.5139,1.4581,0.0862,-0.0862,1.53,1.4419,0.16189,-0.16189
0.86744,1.9129,0.0088694,-0.11304,0.86901,1.8916,0.015734,-0.21321
0.61645,1.2777,0.0088694,-0.11304,0.61802,1.2563,0.015734,-0.21321
2.4606,1.2116,0.0088694,-0.11304,2.4622,1.1903,0.015734,-0.21321
1.92,0.93255,0.11304,-0.0088694,1.9413,0.93097,0.21321,-0.015734
1.9778,1.6027,0.0862,-0.0862,1.994,1.5865,0.16189,-0.16189
2.0057,2.7114,0.11304,-0.0088694,2.0167,2.6994,0.10905,-0.1199
1.8238,2.8019,0.11304,-0.0088694,1.8451,2.8003,0.21321,-0.015734
0.19891,0.16911,0.11304,-0.0088694,0.22023,0.16754,0.21321,-0.015734
1.6521,1.5865,0.0862,-0.0862,1.6683,1.5703,0.16189,-0.16189
2.331,2.8625,0.0088694,-0.11304,2.3325,2.8412,0.015734,-0.21321
1.6928,2.832,0.11304,-0.0088694,1.7141,2.8304,0.21321,-0.015734
1.6651,2.3731,0.11304,-0.0088694,1.6864,2.3715,0.21321,-0.015734
2.4002,2.3025,0.0088694,-0.11304,2.4018,2.2811,0.015734,-0.21321
1.189,2.4923,0.11304,-0.0088694,1.2103,2.4908,0.21321,-0.015734
0.44295,0.86636,0.11304,-0.0088694,0.46427,0.86479,0.21321,-0.015734
0.73599,0.38106,0.11304,-0.0088694,0.75731,0.37949,0.21321,-0.015734
0.031159,0.76296,0.11304,-0.0088694,0.05248,0.76139,0.21321,-0.015734
2.485,1.0265,0.0088694,-0.11304,2.4866,1.0052,0.015734,-0.21321
0.44411,1.6107,0.0088694,-0.11304,0.44568,1.5894,0.015734,-0.21321
2.209,1.0093,0.0088694,-0.11304,2.2106,0.98793,0.015734,-0.21321
1.2864,1.5567,0.0862,-0.0862,1.3026,1.5405,0.16189,-0.16189
1.3658,2.1293,0.11304,-0.0088694,1.3871,2.1278,0.21321,-0.015734
1.383,0.082469,0.11304,-0.0088694,1.4043,0.080896,0.21321,-0.015734
2.9243,2.0644,0.0088694,-0.11304,2.9258,2.0431,0.015734,-0.21321
1.463,1.5746,0.0862,-0.0862,1.4792,1.5584,0.16189,-0.16189
0.11304,1.5583,0.0088694,-0.11304,0.11462,1.537,0.015734,-0.21321
0.65252,0.92525,0.11304,-0.0088694,0.67385,0.92368,0.21321,-0.015734
1.075,2.0369,0.11304,-0.0088694,1.0963,2.0353,0.21321,-0.015734
0.34045,1.915,0.0088694,-0.11304,0.34202,1.8936,0.015734,-0.21321
2.982,2.1979,0.0088694,-0.11304,2.9835,2.1766,0.015734,-0.21321
2.6881,2.4108,0.0088694,-0.11304,2.6897,2.3895,0.015734,-0.21321
1.6429,1.964,0.0862,-0.0862,1.6591,1.9478,0.16189,-0.16189
1.3713,2.9106,0.11304,-0.0088694,1.3926,2.9091,0.21321,-0.015734
1.9878,0.39262,0.11304,-0.0088694,2.0091,0.39104,0.21321,-0.015734
1.5294,0.017313,0.11304,-0.0088694,1.5507,0.01574,0.21321,-0.015734
1.2254,0.26514,0.11304,-0.0088694,1.2467,0.26357,0.21321,-0.015734
2.75,1.8147,0.0088694,-0.11304,2.7516,1.7934,0.015734,-0.21321
1.7826,2.9902,0.11304,-0.0088694,1.8039,2.9887,0.21321,-0.015734
1.6167,1.5636,0.0862,-0.0862,1.6329,1.5475,0.16189,-0.16189
1.9228,1.0657,0.0862,-0.0862,1.939,1.0495,0.16189,-0.16189
0.15364,1.4527,0.0088694,-0.11304,0.15521,1.4314,0.015734,-0.21321
2.1635,2.0627,0.0088694,-0.11304,2.1651,2.0414,0.015734,-0.21321
1.0157,0.59125,0.11304,-0.0088694,1.0371,0.58968,0.21321,-0.015734
1.2934,2.026,0.11304,-0.0088694,1.3147,2.0244,0.21321,-0.015734
2.3411,1.8848,0.0088694,-0.11304,2.3427,1.8635,0.015734,-0.21321
0.49829,0.7006,0.11304,-0.0088694,0.51961,0.69903,0.21321,-0.015734
1.2748,0.48751,0.11304,-0.0088694,1.2961,0.48594,0.21321,-0.015734
0.50018,1.3692,0.0088694,-0.11304,0.50176,1.3478,0.015734,-0.21321
2.8585,2.2708,0.0088694,-0.11304,2.8601,2.2495,0.015734,-0.21321
1.984,0.56555,0.11304,-0.0088694,2.0054,0.56398,0.21321,-0.015734
1.5764,0.41127,0.11304,-0.0088694,1.5977,0.40969,0.21321,-0.015734
1.8563,2.1034,0.11304,-0.0088694,1.8776,2.1018,0.21321,-0.015734
1.4238,2.8585,0.11304,-0.0088694,1.4452,2.8569,0.21321,-0.015734
0.85609,0.55995,0.11304,-0.0088694,0.87741,0.55837,0.21321,-0.015734
1.5609,2.2102,0.11304,-0.0088694,1.5822,2.2086,0.21321,-0.015734
1.4495,1.9525,0.0862,-0.0862,1.4657,1.9363,0.16189,-0.16189
0.46409,0.88485,0.11304,-0.0088694,0.48541,0.88328,0.21321,-0.015734
0.9725,1.6206,0.0088694,-0.11304,0.97408,1.5993,0.015734,-0.21321
0.58461,1.2527,0.0088694,-0.11304,0.58619,1.2314,0.015734,-0.21321
1.4477,2.7702,0.11304,-0.0088694,1.469,2.7687,0.21321,-0.015734
2.9001,1.8909,0.0088694,-0.11304,2.9017,1.8696,0.015734,-0.21321
0.73164,0.90906,0.11304,-0.0088694,0.75296,0.90749,0.21321,-0.015734
1.9533,1.266,0.0862,-0.0862,1.9695,1.2499,0.16189,-0.16189
2.451,2.0206,0.0088694,-0.11304,2.4525,1.9993,0.015734,-0.21321
1.9404,1.6226,0.0862,-0.0862,1.9565,1.6064,0.16189,-0.16189
2.2704,2.9202,0.0088694,-0.11304,2.272,2.8989,0.015734,-0.21321
0.61195,0.6066,0.11304,-0.0088694,0.63327,0.60503,0.21321,-0.015734
0.31747,0.47639,0.11304,-0.0088694,0.33879,0.47482,0.21321,-0.015734
0.67704,0.58989,0.11304,-0.0088694,0.69836,0.58832,0.21321,-0.015734
1.5392,2.3089,0.11304,-0.0088694,1.5605,2.3073,0.21321,-0.015734
1.6964,1.1046,0.0862,-0.0862,1.7126,1.0884,0.16189,-0.16189
0.33432,0.23872,0.11304,-0.0088694,0.35564,0.23714,0.21321,-0.015734
2.7209,2.7166,0.0088694,-0.11304,2.7225,2.6953,0.015734,-0.21321
1.4238,1.7279,0.0862,-0.0862,1.44,1.7117,0.16189,-0.16189
1.3273,2.3842,0.11304,-0.0088694,1.3486,2.3826,0.21321,-0.015734
1.2419,2.1003,0.11304,-0.0088694,1.2632,2.0988,0.21321,-0.015734
0.52537,0.78807,0.11304,-0.0088694,0.54669,0.7865,0.21321,-0.015734
1.356,0.39038,0.11304,-0.0088694,1.3773,0.38881,0.21321,-0.015734
0.59546,0.1479,0.11304,-0.0088694,0.61678,0.14633,0.21321,-0.015734
1.7179,2.8647,0.11304,-0.0088694,1.7392,2.8631,0.21321,-0.015734
1.912,2.3116,0.11304,-0.0088694,1.9334,2.31,0.21321,-0.015734
1.6632,0.90704,0.11304,-0.0088694,1.6845,0.90546,0.21321,-0.015734
1.4298,2.2702,0.11304,-0.0088694,1.4511,2.2687,0.21321,-0.015734
2.4182,2.4218,0.0088694,-0.11304,2.4197,2.4004,0.015734,-0.21321
1.4809,1.208,0.0862,-0.0862,1.4971,1.1918,0.16189,-0.16189
1.2526,2.5888,0.11304,-0.0088694,1.274,2.5872,0.21321,-0.015734
2.2192,2.4575,0.0088694,-0.11304,2.2207,2.4362,0.015734,-0.21321
0.64232,0.88076,0.11304,-0.0088694,0.66364,0.87919,0.21321,-0.015734
1.4952,0.44865,0.11304,-0.0088694,1.5165,0.44708,0.21321,-0.015734
1.208,0.57838,0.11304,-0.0088694,1.2293,0.57681,0.21321,-0.015734
0.88897,0.84386,0.11304,-0.0088694,0.91029,0.84229,0.21321,-0.015734
0.6321,1.6661,0.0088694,-0.11304,0.63368,1.6448,0.015734,-0.21321
1.1081,1.8239,0.0862,-0.0862,1.1242,1.8077,0.16189,-0.16189
2.4822,2.6708,0.0088694,-0.11304,2.4838,2.6494,0.015734,-0.21321
2.2416,2.3182,0.0088694,-0.11304,2.2432,2.2969,0.015734,-0.21321
0.83961,0.080167,0.11304,-0.0088694,0.86093,0.078593,0.21321,-0.015734
1.4263,1.7199,0.0862,-0.0862,1.4425,1.7037,0.16189,-0.16189
1.1668,2.376,0.11304,-0.0088694,1.1881,2.3745,0.21321,-0.015734
0.67253,0.054625,0.11304,-0.0088694,0.69385,0.053052,0.21321,-0.015734
1.6579,1.2501,0.0862,-0.0862,1.6741,1.2339,0.16189,-0.16189
1.8427,1.2181,0.0862,-0.0862,1.8589,1.2019,0.16189,-0.16189
1.9721,1.2206,0.0862,-0.0862,1.9883,1.2044,0.16189,-0.16189
0.21218,0.98983,0.0088694,-0.11304,0.22417,0.97893,0.1199,-0.10905
1.4098,1.9243,0.0862,-0.0862,1.426,1.9082,0.16189,-0.16189
1.9128,0.38527,0.11304,-0.0088694,1.9341,0.3837,0.21321,-0.015734
1.4383,1.0901,0.0862,-0.0862,1.4545,1.0739,0.16189,-0.16189
1.8672,2.921,0.11304,-0.0088694,1.8885,2.9195,0.21321,-0.015734
1.9153,1.0392,0.0862,-0.0862,1.9315,1.023,0.16189,-0.16189
0.14867,0.29149,0.11304,-0.0088694,0.17,0.28991,0.21321,-0.015734
0.15414,1.0099,0.0088694,-0.11304,0.15571,0.98861,0.015734,-0.21321
0.83827,1.4048,0.0088694,-0.11304,0.83985,1.3835,0.015734,-0.21321
2.5315,2.6977,0.0088694,-0.11304,2.5331,2.6764,0.015734,-0.21321
1.1675,1.1784,0.0862,-0.0862,1.1837,1.1622,0.16189,-0.16189
1.923,0.63632,0.11304,-0.0088694,1.9443,0.63474,0.21321,-0.015734
2.17,1.9684,0.0088694,-0.11304,2.1716,1.9471,0.015734,-0.21321
1.5182,0.76112,0.11304,-0.0088694,1.5395,0.75955,0.21321,-0.015734
1.1381,2.5981,0.11304,-0.0088694,1.1594,2.5965,0.21321,-0.015734
1.8761,2.6801,0.11304,-0.0088694,1.8974,2.6785,0.21321,-0.015734
2.7932,1.4301,0.0088694,-0.11304,2.7948,1.4088,0.015734,-0.21321
1.7141,0.51364,0.11304,-0.0088694,1.7354,0.51206,0.21321,-0.015734
1.8717,2.1011,0.11304,-0.0088694,1.893,2.0995,0.21321,-0.015734
1.7237,0.88326,0.11304,-0.0088694,1.745,0.88169,0.21321,-0.015734
1.751,2.2428,0.11304,-0.0088694,1.7723,2.2412,0.21321,-0.015734
0.99761,1.009,0.0088694,-0.11304,0.99918,0.98768,0.015734,-0.21321
0.19088,1.9123,0.0088694,-0.11304,0.19245,1.8909,0.015734,-0.21321
2.0012,2.1459,0.11304,-0.0088694,2.0122,2.134,0.10905,-0.1199
2.6743,1.2666,0.0088694,-0.11304,2.6758,1.2452,0.015734,-0.21321
0.4583,0.59758,0.11304,-0.0088694,0.47963,0.59601,0.21321,-0.015734
2.248,2.341,0.0088694,-0.11304,2.2495,2.3197,0.015734,-0.21321
1.6571,0.14373,0.11304,-0.0088694,1.6784,0.14216,0.21321,-0.015734
1.2414,1.9189,0.0862,-0.0862,1.2576,1.9027,0.16189,-0.16189
0.90677,0.62134,0.11304,-0.0088694,0.92809,0.61977,0.21321,-0.015734
1.9111,0.94264,0.11304,-0.0088694,1.9325,0.94107,0.21321,-0.015734
1.8353,1.3789,0.0862,-0.0862,1.8515,1.3627,0.16189,-0.16189
1.4186,1.5906,0.0862,-0.0862,1.4348,1.5744,0.16189,-0.16189
1.9949,2.5918,0.11304,-0.0088694,2.0162,2.5903,0.21321,-0.015734
1.498,1.8608,0.0862,-0.0862,1.5142,1.8446,0.16189,-0.16189
1.1911,0.22651,0.11304,-0.0088694,1.2124,0.22494,0.21321,-0.015734
1.0691,2.433,0.11304,-0.0088694,1.0904,2.4315,0.21321,-0.015734
1.4679,0.052138,0.11304,-0.0088694,1.4893,0.050565,0.21321,-0.015734
0.42093,0.43524,0.11304,-0.0088694,0.44225,0.43367,0.21321,-0.015734
0.17256,0.95982,0.11304,-0.0088694,0.19388,0.95825,0.21321,-0.015734
1.6474,1.6125,0.0862,-0.0862,1.6636,1.5963,0.16189,-0.16189
1.2621,2.2903,0.11304,-0.0088694,1.2834,2.2887,0.21321,-0.015734
1.9431,1.5337,0.0862,-0.0862,1.9593,1.5175,0.16189,-0.16189
1.6089,1.2051,0.0862,-0.0862,1.6251,1.1889,0.16189,-0.16189
1.8057,2.4729,0.11304,-0.0088694,1.827,2.4714,0.21321,-0.015734
1.146,0.8031,0.11304,-0.0088694,1.1673,0.80153,0.21321,-0.015734
1.6131,0.35003,0.11304,-0.0088694,1.6344,0.34846,0.21321,-0.015734
0.71448,0.79663,0.11304,-0.0088694,0.7358,0.79505,0.21321,-0.015734
1.4506,1.8052,0.0862,-0.0862,1.4668,1.789,0.16189,-0.16189
1.514,2.7995,0.11304,-0.0088694,1.5353,2.798,0.21321,-0.015734
1.5218,2.7208,0.11304,-0.0088694,1.5432,2.7193,0.21321,-0.015734
1.7663,2.7878,0.11304,-0.0088694,1.7876,2.7862,0.21321,-0.015734
1.5,2.6799,0.11304,-0.0088694,1.5213,2.6783,0.21321,-0.015734
1.4163,1.0217,0.0862,-0.0862,1.4325,1.0055,0.16189,-0.16189
2.8212,2.2885,0.0088694,-0.11304,2.8228,2.2672,0.015734,-0.21321
1.3402,2.6105,0.11304,-0.0088694,1.3615,2.609,0.21321,-0.015734
2.4398,1.9414,0.0088694,-0.11304,2.4413,1.92,0.015734,-0.21321
0.064806,0.79642,0.11304,-0.0088694,0.086128,0.79485,0.21321,-0.015734
0.22423,1.867,0.0088694,-0.11304,0.2258,1.8457,0.015734,-0.21321
2.8516,2.7844,0.0088694,-0.11304,2.8532,2.763,0.015734,-0.21321
2.9399,2.5403,0.0088694,-0.11304,2.9415,2.5189,0.015734,-0.21321
2.8231,2.4514,0.0088694,-0.11304,2.8247,2.4301,0.015734,-0.21321
2.3776,1.9804,0.0088694,-0.11304,2.3792,1.9591,0.015734,-0.21321
1.8868,1.4487,0.0862,-0.0862,1.903,1.4325,0.16189,-0.16189
1.1318,1.1806,0.0862,-0.0862,1.148,1.1645,0.16189,-0.16189
1.2794,0.43544,0.11304,-0.0088694,1.3007,0.43387,0.21321,-0.015734
2.1302,2.3976,0.0088694,-0.11304,2.1317,2.3763,0.015734,-0.21321
0.45654,0.99088,0.11304,-0.0088694,0.47786,0.9893,0.21321,-0.015734
0.91186,0.7698,0.11304,-0.0088694,0.93318,0.76822,0.21321,-0.015734
0.75044,0.026061,0.11304,-0.0088694,0.77176,0.024487,0.21321,-0.015734
1.6927,0.68595,0.11304,-0.0088694,1.714,0.68438,0.21321,-0.015734
1.0528,1.0571,0.0862,-0.0862,1.069,1.041,0.16189,-0.16189
2.0266,2.6802,0.0088694,-0.11304,2.0282,2.6589,0.015734,-0.21321
1.9415,0.64677,0.11304,-0.0088694,1.9628,0.64519,0.21321,-0.015734
1.7308,2.3555,0.11304,-0.0088694,1.7521,2.3539,0.21321,-0.015734
0.18449,0.19104,0.11304,-0.0088694,0.20581,0.18947,0.21321,-0.015734
1.5771,0.34358,0.11304,-0.0088694,1.5985,0.34201,0.21321,-0.015734
1.2436,2.0639,0.11304,-0.0088694,1.2649,2.0623,0.21321,-0.015734
0.84986,1.8975,0.0088694,-0.11304,0.85143,1.8762,0.015734,-0.21321
2.3571,2.5464,0.0088694,-0.11304,2.3587,2.525,0.015734,-0.21321
1.9706,2.0021,0.11304,-0.0088694,1.9919,2.0006,0.21321,-0.015734
1.1476,0.033119,0.11304,-0.0088694,1.1689,0.031546,0.21321,-0.015734
1.0329,0.90349,0.11304,-0.0088694,1.0542,0.90191,0.21321,-0.015734
2.6653,2.843,0.0088694,-0.11304,2.6669,2.8217,0.015734,-0.21321
1.4634,2.2894,0.11304,-0.0088694,1.4847,2.2878,0.21321,-0.015734
0.77976,1.8205,0.0088694,-0.11304,0.78133,1.7992,0.015734,-0.21321
1.9367,0.53936,0.11304,-0.0088694,1.958,0.53779,0.21321,-0.015734
0.84142,1.8077,0.0088694,-0.11304,0.84299,1.7863,0.015734,-0.21321
2.6805,1.3824,0.0088694,-0.11304,2.6821,1.3611,0.015734,-0.21321
1.505,0.97986,0.11304,-0.0088694,1.5263,0.97828,0.21321,-0.015734
1.2446,0.44429,0.11304,-0.0088694,1.2659,0.44272,0.21321,-0.015734
1.0736,2.0585,0.11304,-0.0088694,1.0949,2.057,0.21321,-0.015734
0.719,0.085839,0.11304,-0.0088694,0.74033,0.084266,0.21321,-0.015734
0.040701,0.55044,0.11304,-0.0088694,0.062022,0.54886,0.21321,-0.015734
1.5261,1.4411,0.0862,-0.0862,1.5423,1.4249,0.16189,-0.16189
1.4421,2.5372,0.11304,-0.0088694,1.4634,2.5356,0.21321,-0.015734
1.6504,0.51879,0.11304,-0.0088694,1.6717,0.51721,0.21321,-0.015734
1.6102,2.1231,0.11304,-0.0088694,1.6316,2.1215,0.21321,-0.015734
1.4183,1.5187,0.0862,-0.0862,1.4345,1.5025,0.16189,-0.16189
1.1246,1.8286,0.0862,-0.0862,1.1408,1.8124,0.16189,-0.16189
2.6498,2.377,0.0088694,-0.11304,2.6514,2.3557,0.015734,-0.21321
0.79296,1.5021,0.0088694,-0.11304,0.79453,1.4808,0.015734,-0.21321
2.0597,2.3823,0.0088694,-0.11304,2.0613,2.3609,0.015734,-0.21321
1.888,1.1056,0.0862,-0.0862,1.9042,1.0894,0.16189,-0.16189
2.2384,2.6401,0.0088694,-0.11304,2.24,2.6188,0.015734,-0.21321
1.7709,2.7116,0.11304,-0.0088694,1.7922,2.7101,0.21321,-0.015734
1.5789,1.1487,0.0862,-0.0862,1.595,1.1325,0.16189,-0.16189
1.1102,1.7669,0.0862,-0.0862,1.1264,1.7507,0.16189,-0.16189
1.2087,2.0186,0.11304,-0.0088694,1.23,2.0171,0.21321,-0.015734
0.17351,0.53463,0.11304,-0.0088694,0.19483,0.53305,0.21321,-0.015734
1.5117,2.3991,0.11304,-0.0088694,1.533,2.3975,0.21321,-0.015734
2.1757,2.076,0.0088694,-0.11304,2.1772,2.0547,0.015734,-0.21321
0.57848,0.35148,0.11304,-0.0088694,0.5998,0.3499,0.21321,-0.015734
0.707,0.42139,0.11304,-0.0088694,0.72832,0.41981,0.21321,-0.015734
1.5851,1.2321,0.0862,-0.0862,1.6013,1.2159,0.16189,-0.16189
1.0218,1.2744,0.0862,-0.0862,1.038,1.2582,0.16189,-0.16189
1.7163,1.1925,0.0862,-0.0862,1.7325,1.1763,0.16189,-0.16189
0.93016,0.72074,0.11304,-0.0088694,0.95148,0.71917,0.21321,-0.015734
2.2962,2.3762,0.0088694,-0.11304,2.2978,2.3549,0.015734,-0.21321
1.1402,2.2269,0.11304,-0.0088694,1.1615,2.2253,0.21321,-0.015734
0.044926,0.08488,0.11304,-0.0088694,0.066248,0.083307,0.21321,-0.015734
0.11691,0.64496,0.11304,-0.0088694,0.13823,0.64339,0.21321,-0.015734
1.4204,0.87137,0.11304,-0.0088694,1.4417,0.86979,0.21321,-0.015734
2.0033,1.7403,0.0088694,-0.11304,2.0048,1.719,0.015734,-0.21321
1.9223,1.1775,0.0862,-0.0862,1.9385,1.1614,0.16189,-0.16189
0.98949,0.070557,0.11304,-0.0088694,1.0108,0.068984,0.21321,-0.015734
2.9442,2.6652,0.0088694,-0.11304,2.9458,2.6439,0.015734,-0.21321
2.7781,2.5027,0.0088694,-0.11304,2.7797,2.4814,0.015734,-0.21321
2.812,1.0027,0.0088694,-0.11304,2.8135,0.98133,0.015734,-0.21321
2.608,2.6906,0.0088694,-0.11304,2.6096,2.6692,0.015734,-0.21321
0.72099,0.070869,0.11304,-0.0088694,0.74231,0.069296,0.21321,-0.015734
1.3606,1.2063,0.0862,-0.0862,1.3768,1.1901,0.16189,-0.16189
1.7388,0.19982,0.11304,-0.0088694,1.7601,0.19825,0.21321,-0.015734
0.48799,0.31062,0.11304,-0.0088694,0.50931,0.30904,0.21321,-0.015734
1.4454,2.2548,0.11304,-0.0088694,1.4667,2.2532,0.21321,-0.015734
1.5707,1.1391,0.0862,-0.0862,1.5869,1.1229,0.16189,-0.16189
1.0918,0.77278,0.11304,-0.0088694,1.1131,0.77121,0.21321,-0.015734
1.6312,0.97725,0.11304,-0.0088694,1.6525,0.97567,0.21321,-0.015734
0.78752,0.60477,0.11304,-0.0088694,0.80884,0.60319,0.21321,-0.015734
1.744,2.704,0.11304,-0.0088694,1.7653,2.7024,0.21321,-0.015734
1.9595,2.4434,0.11304,-0.0088694,1.9809,2.4419,0.21321,-0.015734
2.0881,2.2418,0.0088694,-0.11304,2.0896,2.2205,0.015734,-0.21321
1.6224,1.4243,0.0862,-0.0862,1.6386,1.4081,0.16189,-0.16189
1.5803,1.5297,0.0862,-0.0862,1.5965,1.5135,0.16189,-0.16189
1.2306,1.1054,0.0862,-0.0862,1.2468,1.0893,0.16189,-0.16189
2.7544,1.1433,0.0088694,-0.11304,2.756,1.1219,0.015734,-0.21321
0.2934,1.5337,0.0088694,-0.11304,0.29497,1.5123,0.015734,-0.21321
0.1651,0.17352,0.11304,-0.0088694,0.18642,0.17194,0.21321,-0.015734
1.7643,0.7829,0.11304,-0.0088694,1.7856,0.78133,0.21321,-0.015734
2.748,2.0699,0.0088694,-0.11304,2.7496,2.0485,0.015734,-0.21321
2.725,2.5729,0.0088694,-0.11304,2.7266,2.5516,0.015734,-0.21321
0.94356,0.070751,0.11304,-0.0088694,0.96488,0.069178,0.21321,-0.015734
2.0231,2.6724,0.0088694,-0.11304,2.0247,2.651,0.015734,-0.21321
1.0731,1.1296,0.0862,-0.0862,1.0893,1.1134,0.16189,-0.16189
0.78205,0.031962,0.11304,-0.0088694,0.80337,0.030388,0.21321,-0.015734
1.271,0.43299,0.11304,-0.0088694,1.2924,0.43142,0.21321,-0.015734
1.3711,0.54724,0.11304,-0.0088694,1.3924,0.54566,0.21321,-0.015734
1.0885,1.1558,0.0862,-0.0862,1.1047,1.1396,0.16189,-0.16189
1.1302,2.7074,0.11304,-0.0088694,1.1516,2.7058,0.21321,-0.015734
1.3995,1.299,0.0862,-0.0862,1.4157,1.2828,0.16189,-0.16189
0.61793,0.80845,0.11304,-0.0088694,0.63925,0.80687,0.21321,-0.015734
0.6003,0.08322,0.11304,-0.0088694,0.62162,0.081647,0.21321,-0.015734
2.6219,1.8285,0.0088694,-0.11304,2.6234,1.8072,0.015734,-0.21321
1.175,2.6811,0.11304,-0.0088694,1.1963,2.6796,0.21321,-0.015734
2.2711,2.5329,0.0088694,-0.11304,2.2727,2.5116,0.015734,-0.21321
2.3237,2.0238,0.0088694,-0.11304,2.3253,2.0025,0.015734,-0.21321
0.70878,0.40761,0.11304,-0.0088694,0.7301,0.40604,0.21321,-0.015734
1.9658,1.508,0.0862,-0.0862,1.982,1.4918,0.16189,-0.16189
0.15216,1.0199,0.0088694,-0.11304,0.15374,0.99862,0.015734,-0.21321
1.8295,1.5714,0.0862,-0.0862,1.8457,1.5553,0.16189,-0.16189
2.4452,2.1618,0.0088694,-0.11304,2.4468,2.1404,0.015734,-0.21321
1.1507,0.90913,0.11304,-0.0088694,1.172,0.90756,0.21321,-0.015734
2.3237,2.2729,0.0088694,-0.11304,2.3253,2.2516,0.015734,-0.21321
1.9622,0.18787,0.11304,-0.0088694,1.9835,0.1863,0.21321,-0.015734
0.58873,0.61002,0.11304,-0.0088694,0.61005,0.60845,0.21321,-0.015734
0.13715,0.8402,0.11304,-0.0088694,0.15847,0.83862,0.21321,-0.015734
1.4879,1.43,0.0862,-0.0862,1.5041,1.4138,0.16189,-0.16189
0.90866,0.89883,0.11304,-0.0088694,0.92998,0.89725,0.21321,-0.015734
0.70072,0.07279,0.11304,-0.0088694,0.72204,0.071216,0.21321,-0.015734
1.5353,2.3589,0.11304,-0.0088694,1.5566,2.3573,0.21321,-0.015734
0.42919,0.51061,0.11304,-0.0088694,0.45051,0.50903,0.21321,-0.015734
2.7845,1.8187,0.0088694,-0.11304,2.7861,1.7974,0.015734,-0.21321
0.69748,0.39512,0.11304,-0.0088694,0.71881,0.39354,0.21321,-0.015734
1.6206,1.2297,0.0862,-0.0862,1.6368,1.2135,0.16189,-0.16189
1.2196,2.7732,0.11304,-0.0088694,1.2409,2.7716,0.21321,-0.015734
0.86598,1.1205,0.0088694,-0.11304,0.86755,1.0992,0.015734,-0.21321
2.1145,2.8485,0.0088694,-0.11304,2.1161,2.8272,0.015734,-0.21321
0.27838,0.077571,0.11304,-0.0088694,0.29971,0.075997,0.21321,-0.015734
2.4757,2.9122,0.0088694,-0.11304,2.4773,2.8909,0.015734,-0.21321
2.9377,1.0171,0.0088694,-0.11304,2.9392,0.99575,0.015734,-0.21321
1.3194,0.79657,0.11304,-0.0088694,1.3408,0.79499,0.21321,-0.015734
2.0217,2.4321,0.0088694,-0.11304,2.0233,2.4107,0.015734,-0.21321
0.69369,1.6011,0.0088694,-0.11304,0.69526,1.5798,0.015734,-0.21321
2.6021,1.2127,0.0088694,-0.11304,2.6037,1.1914,0.015734,-0.21321
2.9443,1.7256,0.0088694,-0.11304,2.9459,1.7043,0.015734,-0.21321
2.8481,2.0471,0.0088694,-0.11304,2.8497,2.0257,0.015734,-0.21321
1.5157,2.015,0.11304,-0.0088694,1.5371,2.0134,0.21321,-0.015734
2.9331,2.3703,0.0088694,-0.11304,2.9347,2.349,0.015734,-0.21321
0.29662,1.0422,0.0088694,-0.11304,0.2982,1.0209,0.015734,-0.21321
1.6991,0.91335,0.11304,-0.0088694,1.7204,0.91178,0.21321,-0.015734
1.7708,2.7667,0.11304,-0.0088694,1.7921,2.7651,0.21321,-0.015734
0.22083,1.3451,0.0088694,-0.11304,0.2224,1.3238,0.015734,-0.21321
2.0355,1.9982,0.0088694,-0.11304,2.0371,1.9769,0.015734,-0.21321
1.2692,0.41336,0.11304,-0.0088694,1.2905,0.41179,0.21321,-0.015734
1.9381,2.8481,0.11304,-0.0088694,1.9594,2.8465,0.21321,-0.015734
0.42974,0.10882,0.11304,-0.0088694,0.45106,0.10725,0.21321,-0.015734
1.1707,2.2118,0.11304,-0.0088694,1.1921,2.2102,0.21321,-0.015734
0.46799,0.72903,0.11304,-0.0088694,0.48931,0.72746,0.21321,-0.015734
1.8386,1.7109,0.0862,-0.0862,1.8548,1.6947,0.16189,-0.16189
0.88241,0.38833,0.11304,-0.0088694,0.90373,0.38675,0.21321,-0.015734
0.98416,0.77423,0.11304,-0.0088694,1.0055,0.77266,0.21321,-0.015734
1.6599,0.32048,0.11304,-0.0088694,1.6813,0.3189,0.21321,-0.015734
0.82852,0.85929,0.11304,-0.0088694,0.84985,0.85772,0.21321,-0.015734
1.844,0.060843,0.11304,-0.0088694,1.8653,0.059269,0.21321,-0.015734
1.0209,0.17388,0.11304,-0.0088694,1.0422,0.17231,0.21321,-0.015734
0.014766,0.36104,0.11304,-0.0088694,0.036088,0.35947,0.21321,-0.015734
0.63478,0.37519,0.11304,-0.0088694,0.6561,0.37362,0.21321,-0.015734
1.8893,2.6498,0.11304,-0.0088694,1.9106,2.6482,0.21321,-0.015734
1.8923,0.16302,0.11304,-0.0088694,1.9136,0.16145,0.21321,-0.015734
0.83183,0.75193,0.11304,-0.0088694,0.85315,0.75035,0.21321,-0.015734
1.4254,2.1678,0.11304,-0.0088694,1.4467,2.1663,0.21321,-0.015734
0.57211,1.4873,0.0088694,-0.11304,0.57368,1.466,0.015734,-0.21321
1.2081,0.74968,0.11304,-0.0088694,1.2295,0.7481,0.21321,-0.015734
1.1211,1.5408,0.0862,-0.0862,1.1373,1.5246,0.16189,-0.16189
1.4813,1.9757,0.0862,-0.0862,1.4974,1.9595,0.16189,-0.16189
2.7563,2.6359,0.0088694,-0.11304,2.7578,2.6146,0.015734,-0.21321
1.8968,0.84628,0.11304,-0.0088694,1.9181,0.8447,0.21321,-0.015734
1.0949,2.6423,0.11304,-0.0088694,1.1162,2.6407,0.21321,-0.015734
0.1711,1.5027,0.0088694,-0.11304,0.17267,1.4813,0.015734,-0.21321
0.29555,0.46777,0.11304,-0.0088694,0.31687,0.4662,0.21321,-0.015734
2.9154,1.8563,0.0088694,-0.11304,2.917,1.835,0.015734,-0.21321
0.48971,0.29851,0.11304,-0.0088694,0.51103,0.29693,0.21321,-0.015734
0.96083,0.263,0.11304,-0.0088694,0.98215,0.26143,0.21321,-0.015734
2.9852,1.9488,0.0088694,-0.11304,2.9868,1.9275,0.015734,-0.21321
2.0991,2.7549,0.0088694,-0.11304,2.1006,2.7336,0.015734,-0.21321
1.01,0.84369,0.11304,-0.0088694,1.0313,0.84212,0.21321,-0.015734
1.8342,2.8719,0.11304,-0.0088694,1.8555,2.8703,0.21321,-0.015734
1.7196,0.3136,0.11304,-0.0088694,1.7409,0.31203,0.21321,-0.015734
1.7893,1.344,0.0862,-0.0862,1.8055,1.3278,0.16189,-0.16189
0.44876,1.5067,0.0088694,-0.11304,0.45033,1.4854,0.015734,-0.21321
1.5781,2.2158,0.11304,-0.0088694,1.5995,2.2142,0.21321,-0.015734
1.6048,2.8992,0.11304,-0.0088694,1.6261,2.8976,0.21321,-0.015734
1.822,1.6395,0.0862,-0.0862,1.8382,1.6233,0.16189,-0.16189
1.6337,2.8949,0.11304,-0.0088694,1.655,2.8933,0.21321,-0.015734
2.1527,2.1514,0.0088694,-0.11304,2.1543,2.13,0.015734,-0.21321
1.7016,2.5596,0.11304,-0.0088694,1.7229,2.558,0.21321,-0.015734
2.7452,2.4633,0.0088694,-0.11304,2.7468,2.442,0.015734,-0.21321
1.5411,2.1381,0.11304,-0.0088694,1.5625,2.1365,0.21321,-0.015734
2.521,1.3701,0.0088694,-0.11304,2.5225,1.3488,0.015734,-0.21321
0.21031,0.70136,0.11304,-0.0088694,0.23163,0.69978,0.21321,-0.015734
2.3356,1.0529,0.0088694,-0.11304,2.3372,1.0315,0.015734,-0.21321
1.5475,0.16522,0.11304,-0.0088694,1.5689,0.16365,0.21321,-0.015734
0.64221,0.49321,0.11304,-0.0088694,0.66353,0.49163,0.21321,-0.015734
2.6947,1.7172,0.0088694,-0.11304,2.6962,1.6959,0.015734,-0.21321
2.3702,1.3123,0.0088694,-0.11304,2.3718,1.291,0.015734,-0.21321
1.1617,0.12079,0.11304,-0.0088694,1.183,0.11921,0.21321,-0.015734
2.0676,2.1783,0.0088694,-0.11304,2.0691,2.157,0.015734,-0.21321
1.2345,0.16335,0.11304,-0.0088694,1.2558,0.16177,0.21321,-0.015734
1.3392,0.3115,0.11304,-0.0088694,1.3605,0.30993,0.21321,-0.015734
1.3778,1.7764,0.0862,-0.0862,1.394,1.7602,0.16189,-0.16189
1.3706,2.5975,0.11304,-0.0088694,1.3919,2.596,0.21321,-0.015734
1.8721,0.28952,0.11304,-0.0088694,1.8934,0.28794,0.21321,-0.015734
0.94473,0.69299,0.11304,-0.0088694,0.96605,0.69142,0.21321,-0.015734
2.842,2.3054,0.0088694,-0.11304,2.8436,2.2841,0.015734,-0.21321
2.6768,2.8683,0.0088694,-0.11304,2.6784,2.8469,0.015734,-0.21321
2.3519,1.4671,0.0088694,-0.11304,2.3535,1.4458,0.015734,-0.21321
1.2669,1.3368,0.0862,-0.0862,1.2831,1.3206,0.16189,-0.16189
1.892,0.99884,0.0862,-0.0862,1.9108,0.99038,0.18873,-0.084561
1.315,2.289,0.11304,-0.0088694,1.3364,2.2874,0.21321,-0.015734
1.299,0.98622,0.11304,-0.0088694,1.3203,0.98464,0.21321,-0.015734
1.7793,2.087,0.11304,-0.0088694,1.8006,2.0855,0.21321,-0.015734
1.3955,1.5603,0.0862,-0.0862,1.4117,1.5441,0.16189,-0.16189
1.6403,0.22636,0.11304,-0.0088694,1.6616,0.22479,0.21321,-0.015734
1.2811,2.9764,0.11304,-0.0088694,1.3024,2.9748,0.21321,-0.015734
0.12009,1.1211,0.0088694,-0.11304,0.12166,1.0997,0.015734,-0.21321
1.5889,1.0652,0.0862,-0.0862,1.605,1.049,0.16189,-0.16189
0.58068,0.67677,0.11304,-0.0088694,0.602,0.6752,0.21321,-0.015734
0.82214,0.95642,0.11304,-0.0088694,0.84346,0.95484,0.21321,-0.015734
1.2364,1.8238,0.0862,-0.0862,1.2526,1.8076,0.16189,-0.16189
1.3358,1.1576,0.0862,-0.0862,1.352,1.1414,0.16189,-0.16189
1.1831,2.2689,0.11304,-0.0088694,1.2044,2.2674,0.21321,-0.015734
2.154,1.7167,0.0088694,-0.11304,2.1555,1.6954,0.015734,-0.21321
1.0818,1.1391,0.0862,-0.0862,1.098,1.123,0.16189,-0.16189
1.1646,2.7609,0.11304,-0.0088694,1.1859,2.7593,0.21321,-0.015734
1.7696,0.81903,0.11304,-0.0088694,1.7909,0.81746,0.21321,-0.015734
1.0254,0.90807,0.11304,-0.0088694,1.0467,0.9065,0.21321,-0.015734
0.060188,0.54921,0.11304,-0.0088694,0.08151,0.54763,0.21321,-0.015734
1.0456,0.88221,0.11304,-0.0088694,1.0669,0.88064,0.21321,-0.015734
2.994,2.8286,0.0088694,-0.11304,2.9956,2.8072,0.015734,-0.21321
1.0165,1.8528,0.0862,-0.0862,1.0327,1.8366,0.16189,-0.16189
0.91631,1.182,0.0088694,-0.11304,0.91788,1.1607,0.015734,-0.21321
2.4139,2.9662,0.0088694,-0.11304,2.4155,2.9449,0.015734,-0.21321
2.2157,2.0771,0.0088694,-0.11304,2.2173,2.0558,0.015734,-0.21321
1.8374,1.1688,0.0862,-0.0862,1.8536,1.1526,0.16189,-0.16189
1.947,0.94468,0.11304,-0.0088694,1.9683,0.9431,0.21321,-0.015734
1.91,1.6474,0.0862,-0.0862,1.9262,1.6313,0.16189,-0.16189
1.9362,0.33074,0.11304,-0.0088694,1.9575,0.32917,0.21321,-0.015734
1.9851,2.4636,0.11304,-0.0088694,2.0065,2.462,0.21321,-0.015734
2.4608,2.4351,0.0088694,-0.11304,2.4624,2.4138,0.015734,-0.21321
0.23739,0.063467,0.11304,-0.0088694,0.25871,0.061893,0.21321,-0.015734
1.1941,2.3207,0.11304,-0.0088694,1.2154,2.3191,0.21321,-0.015734
1.9474,1.7081,0.0862,-0.0862,1.9636,1.6919,0.16189,-0.16189
0.3351,0.72835,0.11304,-0.0088694,0.35642,0.72678,0.21321,-0.015734
1.9829,2.6907,0.11304,-0.0088694,2.0042,2.6891,0.21321,-0.015734
0.96032,0.8319,0.11304,-0.0088694,0.98165,0.83033,0.21321,-0.015734
2.5695,2.2677,0.0088694,-0.11304,2.5711,2.2463,0.015734,-0.21321
0.97164,0.72539,0.11304,-0.0088694,0.99297,0.72382,0.21321,-0.015734
0.55351,0.41461,0.11304,-0.0088694,0.57483,0.41304,0.21321,-0.015734
0.72564,0.90187,0.11304,-0.0088694,0.74696,0.90029,0.21321,-0.015734
2.7923,1.3888,0.0088694,-0.11304,2.7939,1.3675,0.015734,-0.21321
1.5098,2.1089,0.11304,-0.0088694,1.5311,2.1073,0.21321,-0.015734
0.079122,1.3273,0.0088694,-0.11304,0.080695,1.306,0.015734,-0.21321
0.58527,0.96565,0.11304,-0.0088694,0.60659,0.96408,0.21321,-0.015734
0.082613,0.90585,0.11304,-0.0088694,0.10393,0.90428,0.21321,-0.015734
1.6701,2.3145,0.11304,-0.0088694,1.6914,2.313,0.21321,-0.015734
0.70447,0.8622,0.11304,-0.0088694,0.72579,0.86062,0.21321,-0.015734
1.4496,0.084008,0.11304,-0.0088694,1.4709,0.082435,0.21321,-0.015734
1.6876,0.41089,0.11304,-0.0088694,1.7089,0.40931,0.21321,-0.015734
1.8687,2.8402,0.11304,-0.0088694,1.8901,2.8386,0.21321,-0.015734
1.9401,2.8542,0.11304,-0.0088694,1.9614,2.8527,0.21321,-0.015734
1.4012,0.30079,0.11304,-0.0088694,1.4225,0.29921,0.21321,-0.015734
2.4364,2.9408,0.0088694,-0.11304,2.4379,2.9195,0.015734,-0.21321
2.556,2.1954,0.0088694,-0.11304,2.5576,2.1741,0.015734,-0.21321
0.57701,1.1661,0.0088694,-0.11304,0.57858,1.1448,0.015734,-0.21321
1.3781,1.363,0.0862,-0.0862,1.3943,1.3469,0.16189,-0.16189
1.3534,2.5912,0.11304,-0.0088694,1.3747,2.5896,0.21321,-0.015734
2.4508,1.9448,0.0088694,-0.11304,2.4524,1.9235,0.015734,-0.21321
0.28247,1.732,0.0088694,-0.11304,0.28404,1.7107,0.015734,-0.21321
0.61722,0.22576,0.11304,-0.0088694,0.63854,0.22419,0.21321,-0.015734
2.784,2.5346,0.0088694,-0.11304,2.7856,2.5133,0.015734,-0.21321
2.4783,1.6528,0.0088694,-0.11304,2.4799,1.6315,0.015734,-0.21321
2.7349,1.0532,0.0088694,-0.11304,2.7365,1.0319,0.015734,-0.21321
2.797,2.4607,0.0088694,-0.11304,2.7986,2.4394,0.015734,-0.21321
0.53345,0.83846,0.11304,-0.0088694,0.55477,0.83688,0.21321,-0.015734
0.029398,0.8477,0.11304,-0.0088694,0.05072,0.84612,0.21321,-0.015734
0.038647,1.5089,0.0088694,-0.11304,0.040221,1.4875,0.015734,-0.21321
1.2947,1.7285,0.0862,-0.0862,1.3109,1.7123,0.16189,-0.16189
1.316,0.40692,0.11304,-0.0088694,1.3373,0.40535,0.21321,-0.015734
2.3516,2.9677,0.0088694,-0.11304,2.3531,2.9464,0.015734,-0.21321
1.0717,2.9205,0.11304,-0.0088694,1.093,2.919,0.21321,-0.015734
2.6046,1.2929,0.0088694,-0.11304,2.6062,1.2715,0.015734,-0.21321
1.2518,0.18905,0.11304,-0.0088694,1.2731,0.18747,0.21321,-0.015734
1.7904,0.72718,0.11304,-0.0088694,1.8118,0.72561,0.21321,-0.015734
1.507,0.83745,0.11304,-0.0088694,1.5284,0.83588,0.21321,-0.015734
1.4545,0.76364,0.11304,-0.0088694,1.4758,0.76207,0.21321,-0.015734
0.55081,1.966,0.0088694,-0.11304,0.55238,1.9447,0.015734,-0.21321
1.1206,0.889,0.11304,-0.0088694,1.1419,0.88742,0.21321,-0.015734
2.8303,1.6393,0.0088694,-0.11304,2.8318,1.6179,0.015734,-0.21321
2.5646,1.4401,0.0088694,-0.11304,2.5661,1.4188,0.015734,-0.21321
0.65675,1.5777,0.0088694,-0.11304,0.65833,1.5564,0.015734,-0.21321
0.58975,1.1883,0.0088694,-0.11304,0.59133,1.167,0.015734,-0.21321
1.98,2.4664,0.11304,-0.0088694,2.0014,2.4648,0.21321,-0.015734
1.2402,1.8383,0.0862,-0.0862,1.2564,1.8221,0.16189,-0.16189
1.3772,0.78544,0.11304,-0.0088694,1.3985,0.78387,0.21321,-0.015734
2.3171,2.5511,0.0088694,-0.11304,2.3186,2.5298,0.015734,-0.21321
1.8343,1.5,0.0862,-0.0862,1.8505,1.4838,0.16189,-0.16189
1.2921,1.2129,0.0862,-0.0862,1.3082,1.1967,0.16189,-0.16189
1.5018,2.3459,0.11304,-0.0088694,1.5232,2.3443,0.21321,-0.015734
0.49458,0.85897,0.11304,-0.0088694,0.5159,0.8574,0.21321,-0.015734
2.1036,2.272,0.0088694,-0.11304,2.1051,2.2507,0.015734,-0.21321
2.1457,2.2062,0.0088694,-0.11304,2.1472,2.1849,0.015734,-0.21321
1.3233,0.88781,0.11304,-0.0088694,1.3446,0.88624,0.21321,-0.015734
0.7289,1.4498,0.0088694,-0.11304,0.73047,1.4285,0.015734,-0.21321
1.6017,0.39896,0.11304,-0.0088694,1.623,0.39738,0.21321,-0.015734
0.19662,0.87368,0.11304,-0.0088694,0.21794,0.8721,0.21321,-0.015734
1.3551,1.66,0.0862,-0.0862,1.3713,1.6438,0.16189,-0.16189
1.8096,1.2794,0.0862,-0.0862,1.8258,1.2632,0.16189,-0.16189
0.88395,1.9409,0.0088694,-0.11304,0.88553,1.9196,0.015734,-0.21321
1.521,2.1985,0.11304,-0.0088694,1.5423,2.1969,0.21321,-0.015734
1.2152,1.0977,0.0862,-0.0862,1.2314,1.0815,0.16189,-0.16189
0.69399,1.6029,0.0088694,-0.11304,0.69556,1.5816,0.015734,-0.21321
2.3959,2.563,0.0088694,-0.11304,2.3975,2.5417,0.015734,-0.21321
1.6325,1.7739,0.0862,-0.0862,1.6487,1.7577,0.16189,-0.16189
2.5755,2.2717,0.0088694,-0.11304,2.5771,2.2504,0.015734,-0.21321
2.0752,2.9439,0.0088694,-0.11304,2.0767,2.9225,0.015734,-0.21321
2.4802,2.1641,0.0088694,-0.11304,2.4817,2.1427,0.015734,-0.21321
2.6022,1.0423,0.0088694,-0.11304,2.6038,1.0209,0.015734,-0.21321
1.6014,0.32669,0.11304,-0.0088694,1.6228,0.32512,0.21321,-0.015734
2.2835,2.4182,0.0088694,-0.11304,2.2851,2.3969,0.015734,-0.21321
1.2621,1.7453,0.0862,-0.0862,1.2782,1.7292,0.16189,-0.16189
1.5036,2.1937,0.11304,-0.0088694,1.5249,2.1921,0.21321,-0.015734
1.6305,1.23,0.0862,-0.0862,1.6467,1.2138,0.16189,-0.16189
2.7634,2.6144,0.0088694,-0.11304,2.765,2.5931,0.015734,-0.21321
2.0751,2.7824,0.0088694,-0.11304,2.0767,2.761,0.015734,-0.21321
1.4873,1.763,0.0862,-0.0862,1.5035,1.7468,0.16189,-0.16189
1.1484,1.2259,0.0862,-0.0862,1.1646,1.2097,0.16189,-0.16189
1.141,2.0147,0.11304,-0.0088694,1.1623,2.0132,0.21321,-0.015734
2.324,1.036,0.0088694,-0.11304,2.3256,1.0146,0.015734,-0.21321
1.8444,0.71673,0.11304,-0.0088694,1.8657,0.71516,0.21321,-0.015734
2.1686,1.6566,0.0088694,-0.11304,2.1702,1.6352,0.015734,-0.21321
2.0073,2.413,0.0088694,-0.11304,2.0089,2.3917,0.015734,-0.21321
1.0351,0.3292,0.11304,-0.0088694,1.0564,0.32763,0.21321,-0.015734
2.1983,2.2505,0.0088694,-0.11304,2.1998,2.2292,0.015734,-0.21321
1.5317,0.41933,0.11304,-0.0088694,1.553,0.41776,0.21321,-0.015734
0.7423,0.23664,0.11304,-0.0088694,0.76362,0.23506,0.21321,-0.015734
2.0925,1.8169,0.0088694,-0.11304,2.0941,1.7956,0.015734,-0.21321
1.1299,1.1687,0.0862,-0.0862,1.1461,1.1525,0.16189,-0.16189
0.29781,0.13792,0.11304,-0.0088694,0.31913,0.13635,0.21321,-0.015734
1.7417,0.30539,0.11304,-0.0088694,1.763,0.30382,0.21321,-0.015734
2.2004,1.5678,0.0088694,-0.11304,2.202,1.5465,0.015734,-0.21321
0.96782,0.56043,0.11304,-0.0088694,0.98914,0.55886,0.21321,-0.015734
0.11372,0.52059,0.11304,-0.0088694,0.13504,0.51902,0.21321,-0.015734
1.6249,0.19885,0.11304,-0.0088694,1.6462,0.19727,0.21321,-0.015734
2.8711,2.0121,0.0088694,-0.11304,2.8726,1.9908,0.015734,-0.21321
0.32192,0.59836,0.11304,-0.0088694,0.34324,0.59679,0.21321,-0.015734
2.3964,2.7248,0.0088694,-0.11304,2.398,2.7035,0.015734,-0.21321
2.2436,1.149,0.0088694,-0.11304,2.2452,1.1277,0.015734,-0.21321
2.5917,2.5968,0.0088694,-0.11304,2.5933,2.5755,0.015734,-0.21321
2.0704,1.4453,0.0088694,-0.11304,2.0719,1.4239,0.015734,-0.21321
0.60656,0.55935,0.11304,-0.0088694,0.62788,0.55778,0.21321,-0.015734
1.5382,2.7627,0.11304,-0.0088694,1.5596,2.7611,0.21321,-0.015734
1.4351,1.0451,0.0862,-0.0862,1.4513,1.0289,0.16189,-0.16189
1.743,0.6047,0.11304,-0.0088694,1.7643,0.60313,0.21321,-0.015734
2.1519,2.5053,0.0088694,-0.11304,2.1535,2.4839,0.015734,-0.21321
1.3678,1.917,0.0862,-0.0862,1.384,1.9008,0.16189,-0.16189
1.5607,2.4302,0.11304,-0.0088694,1.582,2.4287,0.21321,-0.015734
1.8616,0.10224,0.11304,-0.0088694,1.8829,0.10067,0.21321,-0.015734
1.1038,2.4556,0.11304,-0.0088694,1.1252,2.4541,0.21321,-0.015734
2.3492,2.582,0.0088694,-0.11304,2.3508,2.5606,0.015734,-0.21321
1.9274,0.20009,0.11304,-0.0088694,1.9487,0.19852,0.21321,-0.015734
1.2068,0.073074,0.11304,-0.0088694,1.2281,0.071501,0.21321,-0.015734
0.77443,0.13217,0.11304,-0.0088694,0.79575,0.1306,0.21321,-0.015734
2.4789,2.7693,0.0088694,-0.11304,2.4805,2.748,0.015734,-0.21321
0.87408,0.42356,0.11304,-0.0088694,0.8954,0.42198,0.21321,-0.015734
1.5525,2.7158,0.11304,-0.0088694,1.5738,2.7142,0.21321,-0.015734
2.1246,2.4116,0.0088694,-0.11304,2.1261,2.3903,0.015734,-0.21321
1.7424,0.88989,0.11304,-0.0088694,1.7638,0.88831,0.21321,-0.015734
1.241,2.652,0.11304,-0.0088694,1.2623,2.6504,0.21321,-0.015734
2.6986,1.5901,0.0088694,-0.11304,2.7002,1.5687,0.015734,-0.21321
1.4519,2.4061,0.11304,-0.0088694,1.4732,2.4046,0.21321,-0.015734
0.88797,0.15155,0.11304,-0.0088694,0.90929,0.14997,0.21321,-0.015734
1.9431,2.5603,0.11304,-0.0088694,1.9644,2.5587,0.21321,-0.015734
2.5604,1.7344,0.0088694,-0.11304,2.5619,1.713,0.015734,-0.21321
1.7909,0.41174,0.11304,-0.0088694,1.8123,0.41016,0.21321,-0.015734
1.1605,0.10657,0.11304,-0.0088694,1.1818,0.10499,0.21321,-0.015734
0.73614,0.99855,0.11304,-0.0088694,0.75746,0.99698,0.21321,-0.015734
0.8854,1.4165,0.0088694,-0.11304,0.88697,1.3951,0.015734,-0.21321
1.6345,0.64152,0.11304,-0.0088694,1.6558,0.63995,0.21321,-0.015734
1.0945,0.22047,0.11304,-0.0088694,1.1159,0.2189,0.21321,-0.015734
1.678,0.58477,0.11304,-0.0088694,1.6993,0.58319,0.21321,-0.015734
0.90166,0.15435,0.11304,-0.0088694,0.92298,0.15278,0.21321,-0.015734
1.2624,1.322,0.0862,-0.0862,1.2786,1.3058,0.16189,-0.16189
1.4361,0.86005,0.11304,-0.0088694,1.4574,0.85847,0.21321,-0.015734
0.98689,0.75612,0.11304,-0.0088694,1.0082,0.75455,0.21321,-0.015734
1.3418,1.2759,0.0862,-0.0862,1.358,1.2597,0.16189,-0.16189
2.7691,1.9587,0.0088694,-0.11304,2.7707,1.9374,0.015734,-0.21321
2.7527,1.1285,0.0088694,-0.11304,2.7543,1.1072,0.015734,-0.21321
1.3957,0.12758,0.11304,-0.0088694,1.417,0.12601,0.21321,-0.015734
1.9991,0.99679,0.0862,-0.0862,2.018,0.98833,0.18873,-0.084561
2.2208,1.1309,0.0088694,-0.11304,2.2224,1.1095,0.015734,-0.21321
2.8134,2.1418,0.0088694,-0.11304,2.815,2.1205,0.015734,-0.21321
2.7014,2.2588,0.0088694,-0.11304,2.7029,2.2374,0.015734,-0.21321
2.6034,1.9178,0.0088694,-0.11304,2.6049,1.8965,0.015734,-0.21321
1.6161,0.074308,0.11304,-0.0088694,1.6375,0.072734,0.21321,-0.015734
0.63374,0.2352,0.11304,-0.0088694,0.65506,0.23363,0.21321,-0.015734
2.6896,1.0706,0.0088694,-0.11304,2.6912,1.0493,0.015734,-0.21321
1.2297,1.3503,0.0862,-0.0862,1.2459,1.3341,0.16189,-0.16189
1.7938,2.9819,0.11304,-0.0088694,1.8151,2.9803,0.21321,-0.015734
0.95291,1.8954,0.0088694,-0.11304,0.95448,1.874,0.015734,-0.21321
2.4828,2.8924,0.0088694,-0.11304,2.4843,2.8711,0.015734,-0.21321
2.3732,2.5206,0.0088694,-0.11304,2.3747,2.4993,0.015734,-0.21321
0.95226,1.272,0.0088694,-0.11304,0.95383,1.2507,0.015734,-0.21321
1.3905,1.2663,0.0862,-0.0862,1.4067,1.2501,0.16189,-0.16189
0.45577,0.73589,0.11304,-0.0088694,0.47709,0.73432,0.21321,-0.015734
2.6066,2.8445,0.0088694,-0.11304,2.6082,2.8232,0.015734,-0.21321
1.33,0.45843,0.11304,-0.0088694,1.3513,0.45685,0.21321,-0.015734
2.3916,1.933,0.0088694,-0.11304,2.3931,1.9117,0.015734,-0.21321
0.56413,0.32142,0.11304,-0.0088694,0.58545,0.31985,0.21321,-0.015734
1.5808,2.7919,0.11304,-0.0088694,1.6021,2.7904,0.21321,-0.015734
1.5217,1.89,0.0862,-0.0862,1.5379,1.8738,0.16189,-0.16189
2.9043,2.014,0.0088694,-0.11304,2.9059,1.9927,0.015734,-0.21321
1.3293,2.9038,0.11304,-0.0088694,1.3507,2.9023,0.21321,-0.015734
1.7902,1.1414,0.0862,-0.0862,1.8064,1.1252,0.16189,-0.16189
1.7529,2.658,0.11304,-0.0088694,1.7742,2.6564,0.21321,-0.015734
0.2162,0.10811,0.11304,-0.0088694,0.23752,0.10653,0.21321,-0.015734
1.4987,0.48853,0.11304,-0.0088694,1.5201,0.48696,0.21321,-0.015734
0.81772,0.76503,0.11304,-0.0088694,0.83905,0.76346,0.21321,-0.015734
1.3131,1.45,0.0862,-0.0862,1.3292,1.4338,0.16189,-0.16189
0.40644,0.16326,0.11304,-0.0088694,0.42776,0.16169,0.21321,-0.015734
0.015945,0.79826,0.11304,-0.0088694,0.037267,0.79668,0.21321,-0.015734
1.3959,2.4526,0.11304,-0.0088694,1.4172,2.451,0.21321,-0.015734
1.5939,1.983,0.0862,-0.0862,1.6101,1.9668,0.16189,-0.16189
2.8086,1.5203,0.0088694,-0.11304,2.8102,1.4989,0.015734,-0.21321
1.7533,1.6579,0.0862,-0.0862,1.7695,1.6417,0.16189,-0.16189
1.9976,1.2296,0.0862,-0.0862,2.0138,1.2134,0.16189,-0.16189
2.6003,2.9189,0.0088694,-0.11304,2.6019,2.8976,0.015734,-0.21321
1.2954,0.70446,0.11304,-0.0088694,1.3167,0.70289,0.21321,-0.015734
1.2625,0.78918,0.11304,-0.0088694,1.2838,0.7876,0.21321,-0.015734
0.51557,0.84875,0.11304,-0.0088694,0.53689,0.84718,0.21321,-0.015734
0.59555,0.23055,0.11304,-0.0088694,0.61687,0.22898,0.21321,-0.015734
1.1719,2.0966,0.11304,-0.0088694,1.1932,2.095,0.21321,-0.015734
2.2065,2.0342,0.0088694,-0.11304,2.2081,2.0129,0.015734,-0.21321
0.95011,0.96221,0.11304,-0.0088694,0.97143,0.96063,0.21321,-0.015734
1.6733,0.64705,0.11304,-0.0088694,1.6946,0.64548,0.21321,-0.015734
1.4559,2.0112,0.11304,-0.0088694,1.4772,2.0096,0.21321,-0.015734
1.1332,1.7863,0.0862,-0.0862,1.1494,1.7701,0.16189,-0.16189
1.0723,1.8318,0.0862,-0.0862,1.0885,1.8156,0.16189,-0.16189
2.6147,1.0764,0.0088694,-0.11304,2.6162,1.0551,0.015734,-0.21321
1.7137,0.67855,0.11304,-0.0088694,1.7351,0.67698,0.21321,-0.015734
1.104,1.7062,0.0862,-0.0862,1.1202,1.69,0.16189,-0.16189
2.2745,1.1914,0.0088694,-0.11304,2.276,1.1701,0.015734,-0.21321
0.92059,0.89457,0.11304,-0.0088694,0.94191,0.893,0.21321,-0.015734
1.8601,0.99081,0.11304,-0.0088694,1.8815,0.98924,0.21321,-0.015734
2.1848,2.5506,0.0088694,-0.11304,2.1863,2.5293,0.015734,-0.21321
0.14291,0.20174,0.11304,-0.0088694,0.16423,0.20017,0.21321,-0.015734
1.3683,1.4704,0.0862,-0.0862,1.3845,1.4542,0.16189,-0.16189
1.1403,2.6226,0.11304,-0.0088694,1.1616,2.621,0.21321,-0.015734
2.8319,1.9211,0.0088694,-0.11304,2.8335,1.8997,0.015734,-0.21321
2.7399,1.595,0.0088694,-0.11304,2.7414,1.5737,0.015734,-0.21321
1.8732,0.017536,0.11304,-0.0088694,1.8945,0.015963,0.21321,-0.015734
1.9057,0.13536,0.11304,-0.0088694,1.927,0.13379,0.21321,-0.015734
0.76414,0.91815,0.11304,-0.0088694,0.78547,0.91657,0.21321,-0.015734
1.904,0.35141,0.11304,-0.0088694,1.9253,0.34984,0.21321,-0.015734
1.9614,0.12591,0.11304,-0.0088694,1.9827,0.12434,0.21321,-0.015734
1.6845,2.8236,0.11304,-0.0088694,1.7058,2.8221,0.21321,-0.015734
0.12193,0.35478,0.11304,-0.0088694,0.14325,0.35321,0.21321,-0.015734
1.8086,0.01041,0.11304,-0.0088694,1.8299,0.0088363,0.21321,-0.015734
1.0076,0.4071,0.11304,-0.0088694,1.0289,0.40553,0.21321,-0.015734
2.5279,1.4466,0.0088694,-0.11304,2.5295,1.4253,0.015734,-0.21321
1.4578,1.6211,0.0862,-0.0862,1.474,1.6049,0.16189,-0.16189
0.73692,1.1296,0.0088694,-0.11304,0.73849,1.1082,0.015734,-0.21321
0.33307,1.1505,0.0088694,-0.11304,0.33465,1.1292,0.015734,-0.21321
2.9832,2.1733,0.0088694,-0.11304,2.9848,2.152,0.015734,-0.21321
0.24072,1.0599,0.0088694,-0.11304,0.24229,1.0386,0.015734,-0.21321
1.2819,2.9039,0.11304,-0.0088694,1.3032,2.9024,0.21321,-0.015734
2.013,1.5824,0.0088694,-0.11304,2.0146,1.561,0.015734,-0.21321
1.4882,2.6049,0.11304,-0.0088694,1.5095,2.6033,0.21321,-0.015734
1.2052,0.8383,0.11304,-0.0088694,1.2266,0.83673,0.21321,-0.015734
0.54339,0.93103,0.11304,-0.0088694,0.56471,0.92945,0.21321,-0.015734
1.9776,0.47541,0.11304,-0.0088694,1.9989,0.47384,0.21321,-0.015734
0.8988,0.4625,0.11304,-0.0088694,0.92013,0.46093,0.21321,-0.015734
0.2599,0.10968,0.11304,-0.0088694,0.28122,0.10811,0.21321,-0.015734
1.4417,2.5217,0.11304,-0.0088694,1.463,2.5202,0.21321,-0.015734
0.94091,0.42429,0.11304,-0.0088694,0.96223,0.42272,0.21321,-0.015734
1.9787,1.8263,0.0862,-0.0862,1.9949,1.8101,0.16189,-0.16189
1.2714,0.51111,0.11304,-0.0088694,1.2928,0.50953,0.21321,-0.015734
2.7519,2.1626,0.0088694,-0.11304,2.7535,2.1413,0.015734,-0.21321
1.9024,0.016708,0.11304,-0.0088694,1.9238,0.015135,0.21321,-0.015734
1.1359,2.7312,0.11304,-0.0088694,1.1572,2.7296,0.21321,-0.015734
0.080598,0.1883,0.11304,-0.0088694,0.10192,0.18673,0.21321,-0.015734
2.6905,1.6115,0.0088694,-0.11304,2.6921,1.5902,0.015734,-0.21321
2.7832,2.0407,0.0088694,-0.11304,2.7848,2.0194,0.015734,-0.21321
1.0166,2.8569,0.11304,-0.0088694,1.0379,2.8553,0.21321,-0.015734
1.6221,0.23481,0.11304,-0.0088694,1.6434,0.23324,0.21321,-0.015734
1.6535,0.50464,0.11304,-0.0088694,1.6748,0.50307,0.21321,-0.015734
0.23042,0.34315,0.11304,-0.0088694,0.25174,0.34157,0.21321,-0.015734
0.94531,0.99046,0.11304,-0.0088694,0.96664,0.98888,0.21321,-0.015734
1.1168,1.5859,0.0862,-0.0862,1.133,1.5697,0.16189,-0.16189
2.415,2.2668,0.0088694,-0.11304,2.4166,2.2455,0.015734,-0.21321
1.3672,0.73225,0.11304,-0.0088694,1.3885,0.73068,0.21321,-0.015734
1.5174,0.87304,0.11304,-0.0088694,1.5387,0.87146,0.21321,-0.015734
1.2972,2.5459,0.11304,-0.0088694,1.3185,2.5444,0.21321,-0.015734
2.0743,1.7306,0.0088694,-0.11304,2.0758,1.7093,0.015734,-0.21321
0.34708,0.53977,0.11304,-0.0088694,0.3684,0.53819,0.21321,-0.015734
0.17824,1.5745,0.0088694,-0.11304,0.17982,1.5532,0.015734,-0.21321
0.17119,1.159,0.0088694,-0.11304,0.17277,1.1377,0.015734,-0.21321
1.6976,1.8699,0.0862,-0.0862,1.7138,1.8537,0.16189,-0.16189
2.0098,2.2916,0.0088694,-0.11304,2.0114,2.2702,0.015734,-0.21321
1.2776,2.3168,0.11304,-0.0088694,1.2989,2.3152,0.21321,-0.015734
1.3037,1.1256,0.0862,-0.0862,1.3199,1.1094,0.16189,-0.16189
1.6789,1.3137,0.0862,-0.0862,1.6951,1.2975,0.16189,-0.16189
0.70267,0.9547,0.11304,-0.0088694,0.72399,0.95312,0.21321,-0.015734
0.70139,0.11559,0.11304,-0.0088694,0.72271,0.11401,0.21321,-0.015734
0.026809,1.809,0.0088694,-0.11304,0.028382,1.7877,0.015734,-0.21321
1.9094,0.17139,0.11304,-0.0088694,1.9307,0.16982,0.21321,-0.015734
2.8371,2.3487,0.0088694,-0.11304,2.8387,2.3274,0.015734,-0.21321
2.0145,1.9502,0.0088694,-0.11304,2.0161,1.9289,0.015734,-0.21321
0.60535,0.70674,0.11304,-0.0088694,0.62667,0.70517,0.21321,-0.015734
1.7489,1.6142,0.0862,-0.0862,1.7651,1.598,0.16189,-0.16189
1.5075,2.6227,0.11304,-0.0088694,1.5288,2.6211,0.21321,-0.015734
2.2144,2.7468,0.0088694,-0.11304,2.216,2.7254,0.015734,-0.21321
2.8058,2.2332,0.0088694,-0.11304,2.8074,2.2119,0.015734,-0.21321
0.086633,0.32251,0.11304,-0.0088694,0.10795,0.32093,0.21321,-0.015734
2.8357,2.5131,0.0088694,-0.11304,2.8373,2.4917,0.015734,-0.21321
1.2044,0.11838,0.11304,-0.0088694,1.2258,0.11681,0.21321,-0.015734
1.3853,2.0687,0.11304,-0.0088694,1.4066,2.0671,0.21321,-0.015734
2.8199,1.0491,0.0088694,-0.11304,2.8214,1.0278,0.015734,-0.21321
0.3161,0.17478,0.11304,-0.0088694,0.33742,0.1732,0.21321,-0.015734
2.2161,1.3394,0.0088694,-0.11304,2.2177,1.3181,0.015734,-0.21321
1.2613,2.4255,0.11304,-0.0088694,1.2826,2.4239,0.21321,-0.015734
0.82629,0.57225,0.11304,-0.0088694,0.84761,0.57068,0.21321,-0.015734
2.7942,2.9412,0.0088694,-0.11304,2.7958,2.9198,0.015734,-0.21321
2.7272,1.4401,0.0088694,-0.11304,2.7288,1.4188,0.015734,-0.21321
2.0067,1.4265,0.0862,-0.0862,2.0152,1.4076,0.084561,-0.18873
1.1891,2.6008,0.11304,-0.0088694,1.2104,2.5992,0.21321,-0.015734
0.42826,0.52575,0.11304,-0.0088694,0.44958,0.52418,0.21321,-0.015734
0.35822,0.33433,0.11304,-0.0088694,0.37954,0.33276,0.21321,-0.015734
1.3995,0.019461,0.11304,-0.0088694,1.4208,0.017888,0.21321,-0.015734
2.5217,2.9141,0.0088694,-0.11304,2.5233,2.8927,0.015734,-0.21321
2.1245,2.6107,0.0088694,-0.11304,2.1261,2.5894,0.015734,-0.21321
0.19483,0.043856,0.11304,-0.0088694,0.21615,0.042283,0.21321,-0.015734
2.1859,2.0447,0.0088694,-0.11304,2.1875,2.0234,0.015734,-0.21321
1.0508,2.7543,0.11304,-0.0088694,1.0721,2.7527,0.21321,-0.015734
0.19896,0.42226,0.11304,-0.0088694,0.22028,0.42069,0.21321,-0.015734
1.8644,1.6446,0.0862,-0.0862,1.8806,1.6284,0.16189,-0.16189
1.5964,0.47069,0.11304,-0.0088694,1.6177,0.46912,0.21321,-0.015734
1.4076,2.0758,0.11304,-0.0088694,1.429,2.0742,0.21321,-0.015734
1.4742,0.53827,0.11304,-0.0088694,1.4955,0.53669,0.21321,-0.015734
2.9474,2.5154,0.0088694,-0.11304,2.949,2.4941,0.015734,-0.21321
2.2532,1.5382,0.0088694,-0.11304,2.2548,1.5168,0.015734,-0.21321
1.986,1.9837,0.0862,-0.0862,2.0022,1.9675,0.16189,-0.16189
1.1039,2.5672,0.11304,-0.0088694,1.1252,2.5657,0.21321,-0.015734
1.4159,1.3926,0.0862,-0.0862,1.4321,1.3764,0.16189,-0.16189
0.40804,0.39612,0.11304,-0.0088694,0.42936,0.39455,0.21321,-0.015734
1.5127,2.2356,0.11304,-0.0088694,1.5341,2.234,0.21321,-0.015734
1.7382,1.7486,0.0862,-0.0862,1.7544,1.7324,0.16189,-0.16189
2.9408,2.7174,0.0088694,-0.11304,2.9423,2.6961,0.015734,-0.21321
1.2703,0.38606,0.11304,-0.0088694,1.2916,0.38448,0.21321,-0.015734
2.71,1.012,0.0088694,-0.11304,2.7115,0.99071,0.015734,-0.21321
1.7609,2.3183,0.11304,-0.0088694,1.7822,2.3167,0.21321,-0.015734
1.5823,1.7932,0.0862,-0.0862,1.5985,1.7771,0.16189,-0.16189
1.7036,0.98647,0.11304,-0.0088694,1.7249,0.9849,0.21321,-0.015734
2.4535,1.7999,0.0088694,-0.11304,2.455,1.7785,0.015734,-0.21321
1.8367,0.94868,0.11304,-0.0088694,1.858,0.94711,0.21321,-0.015734
1.5752,1.2221,0.0862,-0.0862,1.5914,1.2059,0.16189,-0.16189
0.52525,1.1763,0.0088694,-0.11304,0.52682,1.155,0.015734,-0.21321
0.825,0.40082,0.11304,-0.0088694,0.84632,0.39924,0.21321,-0.015734
0.31734,0.23479,0.11304,-0.0088694,0.33866,0.23322,0.21321,-0.015734
0.19171,0.89536,0.11304,-0.0088694,0.21303,0.89378,0.21321,-0.015734
1.6558,1.1707,0.0862,-0.0862,1.672,1.1545,0.16189,-0.16189
1.4515,2.372,0.11304,-0.0088694,1.4728,2.3704,0.21321,-0.015734
0.47874,0.51126,0.11304,-0.0088694,0.50007,0.50969,0.21321,-0.015734
1.8566,0.41209,0.11304,-0.0088694,1.8779,0.41052,0.21321,-0.015734
2.7522,2.5333,0.0088694,-0.11304,2.7538,2.512,0.015734,-0.21321
1.7717,1.2134,0.0862,-0.0862,1.7879,1.1973,0.16189,-0.16189
2.808,2.7559,0.0088694,-0.11304,2.8095,2.7345,0.015734,-0.21321
1.1624,0.5393,0.11304,-0.0088694,1.1838,0.53772,0.21321,-0.015734
0.19659,0.33833,0.11304,-0.0088694,0.21791,0.33676,0.21321,-0.015734
1.3887,0.98244,0.11304,-0.0088694,1.41,0.98087,0.21321,-0.015734
1.4265,0.71936,0.11304,-0.0088694,1.4478,0.71779,0.21321,-0.015734
0.41673,1.3056,0.0088694,-0.11304,0.41831,1.2843,0.015734,-0.21321
1.2285,1.0636,0.0862,-0.0862,1.2447,1.0474,0.16189,-0.16189
1.3932,1.7136,0.0862,-0.0862,1.4094,1.6974,0.16189,-0.16189
1.4347,0.17741,0.11304,-0.0088694,1.4561,0.17584,0.21321,-0.015734
2.3172,1.2253,0.0088694,-0.11304,2.3188,1.2039,0.015734,-0.21321
2.0018,1.4418,0.0088694,-0.11304,2.0034,1.4205,0.015734,-0.21321
0.11947,1.2174,0.0088694,-0.11304,0.12104,1.1961,0.015734,-0.21321
1.0218,1.3129,0.0862,-0.0862,1.038,1.2967,0.16189,-0.16189
1.5145,0.062616,0.11304,-0.0088694,1.5358,0.061043,0.21321,-0.015734
1.4019,0.030001,0.11304,-0.0088694,1.4232,0.028428,0.21321,-0.015734
1.4009,0.25071,0.11304,-0.0088694,1.4223,0.24914,0.21321,-0.015734
0.45563,0.16985,0.11304,-0.0088694,0.47695,0.16827,0.21321,-0.015734
0.88348,0.11854,0.11304,-0.0088694,0.9048,0.11697,0.21321,-0.015734
1.5059,1.5562,0.0862,-0.0862,1.5221,1.5401,0.16189,-0.16189
1.252,2.116,0.11304,-0.0088694,1.2733,2.1144,0.21321,-0.015734
1.9616,2.3242,0.11304,-0.0088694,1.9829,2.3226,0.21321,-0.015734
1.1635,1.1767,0.0862,-0.0862,1.1797,1.1605,0.16189,-0.16189
1.4157,1.955,0.0862,-0.0862,1.4319,1.9388,0.16189,-0.16189
2.9667,2.9008,0.0088694,-0.11304,2.9683,2.8795,0.015734,-0.21321
0.86478,0.0014949,0.11304,-0.0088694,0.8861,-7.8482e-05,0.21321,-0.015734
2.2319,2.9331,0.0088694,-0.11304,2.2334,2.9118,0.015734,-0.21321
1.5978,0.43429,0.11304,-0.0088694,1.6191,0.43271,0.21321,-0.015734
0.61334,0.77343,0.11304,-0.0088694,0.63466,0.77186,0.21321,-0.015734
2.52,2.0103,0.0088694,-0.11304,2.5216,1.989,0.015734,-0.21321
1.8845,2.8745,0.11304,-0.0088694,1.9058,2.8729,0.21321,-0.015734
2.3457,2.5098,0.0088694,-0.11304,2.3472,2.4884,0.015734,-0.21321
0.36389,1.222,0.0088694,-0.11304,0.36546,1.2007,0.015734,-0.21321
2.2107,2.8906,0.0088694,-0.11304,2.2122,2.8693,0.015734,-0.21321
2.8467,1.0604,0.0088694,-0.11304,2.8482,1.0391,0.015734,-0.21321
0.48993,0.70978,0.11304,-0.0088694,0.51126,0.70821,0.21321,-0.015734
1.4791,0.80074,0.11304,-0.0088694,1.5004,0.79917,0.21321,-0.015734
2.2443,1.4305,0.0088694,-0.11304,2.2459,1.4092,0.015734,-0.21321
1.8101,1.7034,0.0862,-0.0862,1.8263,1.6873,0.16189,-0.16189
0.11173,0.50308,0.11304,-0.0088694,0.13305,0.50151,0.21321,-0.015734
2.838,1.4303,0.0088694,-0.11304,2.8396,1.409,0.015734,-0.21321
1.9344,0.31935,0.11304,-0.0088694,1.9558,0.31777,0.21321,-0.015734
1.1397,2.3074,0.11304,-0.0088694,1.161,2.3058,0.21321,-0.015734
2.4677,1.7201,0.0088694,-0.11304,2.4693,1.6987,0.015734,-0.21321
2.752,2.9063,0.0088694,-0.11304,2.7536,2.885,0.015734,-0.21321
1.9792,1.2606,0.0862,-0.0862,1.9954,1.2444,0.16189,-0.16189
1.3247,1.2734,0.0862,-0.0862,1.3408,1.2572,0.16189,-0.16189
1.2286,2.5485,0.11304,-0.0088694,1.2499,2.5469,0.21321,-0.015734
1.6866,0.49918,0.11304,-0.0088694,1.7079,0.4976,0.21321,-0.015734
0.38389,0.60483,0.11304,-0.0088694,0.40521,0.60326,0.21321,-0.015734
1.3374,1.2063,0.0862,-0.0862,1.3536,1.1901,0.16189,-0.16189
1.5084,2.142,0.11304,-0.0088694,1.5297,2.1404,0.21321,-0.015734
1.8455,1.0984,0.0862,-0.0862,1.8617,1.0822,0.16189,-0.16189
1.0925,0.97121,0.11304,-0.0088694,1.1139,0.96963,0.21321,-0.015734
0.33711,0.23771,0.11304,-0.0088694,0.35843,0.23614,0.21321,-0.015734
1.6692,0.33412,0.11304,-0.0088694,1.6905,0.33255,0.21321,-0.015734
2.9036,2.061,0.0088694,-0.11304,2.9052,2.0397,0.015734,-0.21321
1.7848,2.9639,0.11304,-0.0088694,1.8061,2.9623,0.21321,-0.015734
1.4732,1.1981,0.0862,-0.0862,1.4894,1.1819,0.16189,-0.16189
1.4064,0.28452,0.11304,-0.0088694,1.4277,0.28295,0.21321,-0.015734
1.4247,0.10465,0.11304,-0.0088694,1.446,0.10307,0.21321,-0.015734
0.28594,0.0063247,0.11304,-0.0088694,0.30727,0.0047513,0.21321,-0.015734
2.5182,2.5684,0.0088694,-0.11304,2.5198,2.5471,0.015734,-0.21321
0.68618,0.48222,0.11304,-0.0088694,0.7075,0.48065,0.21321,-0.015734
0.51349,0.24261,0.11304,-0.0088694,0.53481,0.24104,0.21321,-0.015734
1.7117,0.40339,0.11304,-0.0088694,1.733,0.40182,0.21321,-0.015734
1.9243,1.6114,0.0862,-0.0862,1.9405,1.5952,0.16189,-0.16189
2.3694,2.9219,0.0088694,-0.11304,2.371,2.9006,0.015734,-0.21321
0.23963,1.1337,0.0088694,-0.11304,0.24121,1.1124,0.015734,-0.21321
0.50149,0.74943,0.11304,-0.0088694,0.52281,0.74786,0.21321,-0.015734
2.743,2.6713,0.0088694,-0.11304,2.7445,2.65,0.015734,-0.21321
0.91854,0.66328,0.11304,-0.0088694,0.93986,0.6617,0.21321,-0.015734
2.1423,2.5422,0.0088694,-0.11304,2.1439,2.5209,0.015734,-0.21321
0.054318,1.6997,0.0088694,-0.11304,0.055892,1.6783,0.015734,-0.21321
2.5941,2.8144,0.0088694,-0.11304,2.5957,2.7931,0.015734,-0.21321
1.7502,2.6745,0.11304,-0.0088694,1.7716,2.6729,0.21321,-0.015734
0.027959,0.65141,0.11304,-0.0088694,0.049281,0.64984,0.21321,-0.015734
2.8162,2.7169,0.0088694,-0.11304,2.8178,2.6956,0.015734,-0.21321
0.29584,0.69288,0.11304,-0.0088694,0.31716,0.69131,0.21321,-0.015734
2.1685,2.9605,0.0088694,-0.11304,2.1701,2.9392,0.015734,-0.21321
1.3049,1.7638,0.0862,-0.0862,1.321,1.7476,0.16189,-0.16189
1.3786,2.881,0.11304,-0.0088694,1.4,2.8795,0.21321,-0.015734
1.8756,1.3915,0.0862,-0.0862,1.8918,1.3753,0.16189,-0.16189
2.699,2.6164,0.0088694,-0.11304,2.7006,2.5951,0.015734,-0.21321
2.3151,2.9331,0.0088694,-0.11304,2.3167,2.9118,0.015734,-0.21321
0.70398,0.7365,0.11304,-0.0088694,0.7253,0.73493,0.21321,-0.015734
1.5236,1.0186,0.0862,-0.0862,1.5398,1.0024,0.16189,-0.16189
0.72706,0.36944,0.11304,-0.0088694,0.74838,0.36787,0.21321,-0.015734
1.4024,0.60673,0.11304,-0.0088694,1.4238,0.60516,0.21321,-0.015734
1.8258,1.8293,0.0862,-0.0862,1.842,1.8131,0.16189,-0.16189
0.031856,1.9186,0.0088694,-0.11304,0.03343,1.8973,0.015734,-0.21321
2.7098,2.8558,0.0088694,-0.11304,2.7113,2.8345,0.015734,-0.21321
1.1875,1.4742,0.0862,-0.0862,1.2037,1.458,0.16189,-0.16189
0.28565,0.53842,0.11304,-0.0088694,0.30697,0.53685,0.21321,-0.015734
1.8981,0.38901,0.11304,-0.0088694,1.9194,0.38744,0.21321,-0.015734
0.56769,0.85193,0.11304,-0.0088694,0.58901,0.85036,0.21321,-0.015734
1.4125,1.4117,0.0862,-0.0862,1.4287,1.3955,0.16189,-0.16189
0.82817,1.298,0.0088694,-0.11304,0.82974,1.2767,0.015734,-0.21321
1.0619,1.4568,0.0862,-0.0862,1.0781,1.4406,0.16189,-0.16189
0.20802,0.10612,0.11304,-0.0088694,0.22934,0.10455,0.21321,-0.015734
0.85323,0.69267,0.11304,-0.0088694,0.87455,0.6911,0.21321,-0.015734
1.7254,1.6348,0.0862,-0.0862,1.7416,1.6187,0.16189,-0.16189
1.4792,0.55464,0.11304,-0.0088694,1.5005,0.55307,0.21321,-0.015734
2.4336,1.3797,0.0088694,-0.11304,2.4351,1.3584,0.015734,-0.21321
1.7539,1.7888,0.0862,-0.0862,1.7701,1.7726,0.16189,-0.16189
2.8088,1.8118,0.0088694,-0.11304,2.8104,1.7905,0.015734,-0.21321
1.9961,1.5679,0.0862,-0.0862,2.0123,1.5518,0.16189,-0.16189
2.398,2.5355,0.0088694,-0.11304,2.3996,2.5142,0.015734,-0.21321
1.1184,2.8678,0.11304,-0.0088694,1.1397,2.8662,0.21321,-0.015734
0.57065,0.51495,0.11304,-0.0088694,0.59197,0.51337,0.21321,-0.015734
2.3583,2.4788,0.0088694,-0.11304,2.3599,2.4574,0.015734,-0.21321
1.9284,1.8367,0.0862,-0.0862,1.9445,1.8205,0.16189,-0.16189
0.50982,1.6501,0.0088694,-0.11304,0.5114,1.6288,0.015734,-0.21321
2.0385,2.9636,0.0088694,-0.11304,2.0401,2.9423,0.015734,-0.21321
0.048411,0.82517,0.11304,-0.0088694,0.069732,0.82359,0.21321,-0.015734
2.2586,1.3473,0.0088694,-0.11304,2.2602,1.326,0.015734,-0.21321
2.1181,2.4985,0.0088694,-0.11304,2.1197,2.4772,0.015734,-0.21321
1.5804,1.6531,0.0862,-0.0862,1.5966,1.6369,0.16189,-0.16189
1.859,0.10173,0.11304,-0.0088694,1.8804,0.10016,0.21321,-0.015734
1.2279,0.25686,0.11304,-0.0088694,1.2492,0.25528,0.21321,-0.015734
1.7545,2.4028,0.11304,-0.0088694,1.7758,2.4012,0.21321,-0.015734
0.72157,0.99883,0.11304,-0.0088694,0.74289,0.99726,0.21321,-0.015734
0.79757,0.24574,0.11304,-0.0088694,0.81889,0.24416,0.21321,-0.015734
2.6217,1.4826,0.0088694,-0.11304,2.6232,1.4613,0.015734,-0.21321
0.78667,0.075021,0.11304,-0.0088694,0.808,0.073448,0.21321,-0.015734
2.3505,2.9451,0.0088694,-0.11304,2.3521,2.9238,0.015734,-0.21321
1.651,2.9967,0.11304,-0.0088694,1.6723,2.9951,0.21321,-0.015734
1.5747,0.86266,0.11304,-0.0088694,1.596,0.86109,0.21321,-0.015734
0.43856,1.6949,0.0088694,-0.11304,0.44013,1.6736,0.015734,-0.21321
0.92514,1.1034,0.0088694,-0.11304,0.92672,1.0821,0.015734,-0.21321
2.8095,1.2412,0.0088694,-0.11304,2.8111,1.2199,0.015734,-0.21321
1.3106,1.5317,0.0862,-0.0862,1.3267,1.5155,0.16189,-0.16189
2.2977,1.799,0.0088694,-0.11304,2.2993,1.7777,0.015734,-0.21321
1.4865,1.6504,0.0862,-0.0862,1.5027,1.6342,0.16189,-0.16189
2.772,2.5905,0.0088694,-0.11304,2.7736,2.5691,0.015734,-0.21321
1.1333,1.5873,0.0862,-0.0862,1.1495,1.5712,0.16189,-0.16189
1.967,0.58657,0.11304,-0.0088694,1.9884,0.58499,0.21321,-0.015734
1.7584,1.9185,0.0862,-0.0862,1.7745,1.9023,0.16189,-0.16189
2.9097,2.3569,0.0088694,-0.11304,2.9113,2.3356,0.015734,-0.21321
1.8174,2.9091,0.11304,-0.0088694,1.8387,2.9076,0.21321,-0.015734
0.87789,1.8311,0.0088694,-0.11304,0.87946,1.8098,0.015734,-0.21321
0.43995,1.5676,0.0088694,-0.11304,0.44152,1.5463,0.015734,-0.21321
2.5882,2.7137,0.0088694,-0.11304,2.5898,2.6923,0.015734,-0.21321
